überlebt,klasse,geschlecht,alter,geschwister_ehepartner,eltern_kinder,fahrpreis,eingestiegen,klassenbezeichnung,rolle,erwachsener_mann,deck,hafen,lebendig,allein
0,3,männlich,22.0,1,0,7.25,Southampton,Dritte,Mann,True,,Southampton,nein,False
1,1,weiblich,38.0,1,0,71.2833,Cherbourg,Erste,Frau,False,C,Cherbourg,ja,False
1,3,weiblich,26.0,0,0,7.925,Southampton,Dritte,Frau,False,,Southampton,ja,True
1,1,weiblich,35.0,1,0,53.1,Southampton,Erste,Frau,False,C,Southampton,ja,False
0,3,männlich,35.0,0,0,8.05,Southampton,Dritte,Mann,True,,Southampton,nein,True
0,3,männlich,,0,0,8.4583,Queenstown,Dritte,Mann,True,,Queenstown,nein,True
0,1,männlich,54.0,0,0,51.8625,Southampton,Erste,Mann,True,E,Southampton,nein,True
0,3,männlich,2.0,3,1,21.075,Southampton,Dritte,Kind,False,,Southampton,nein,False
1,3,weiblich,27.0,0,2,11.1333,Southampton,Dritte,Frau,False,,Southampton,ja,False
1,2,weiblich,14.0,1,0,30.0708,Cherbourg,Zweite,Kind,False,,Cherbourg,ja,False
1,3,weiblich,4.0,1,1,16.7,Southampton,Dritte,Kind,False,G,Southampton,ja,False
1,1,weiblich,58.0,0,0,26.55,Southampton,Erste,Frau,False,C,Southampton,ja,True
0,3,männlich,20.0,0,0,8.05,Southampton,Dritte,Mann,True,,Southampton,nein,True
0,3,männlich,39.0,1,5,31.275,Southampton,Dritte,Mann,True,,Southampton,nein,False
0,3,weiblich,14.0,0,0,7.8542,Southampton,Dritte,Kind,False,,Southampton,nein,True
1,2,weiblich,55.0,0,0,16.0,Southampton,Zweite,Frau,False,,Southampton,ja,True
0,3,männlich,2.0,4,1,29.125,Queenstown,Dritte,Kind,False,,Queenstown,nein,False
1,2,männlich,,0,0,13.0,Southampton,Zweite,Mann,True,,Southampton,ja,True
0,3,weiblich,31.0,1,0,18.0,Southampton,Dritte,Frau,False,,Southampton,nein,False
1,3,weiblich,,0,0,7.225,Cherbourg,Dritte,Frau,False,,Cherbourg,ja,True
0,2,männlich,35.0,0,0,26.0,Southampton,Zweite,Mann,True,,Southampton,nein,True
1,2,männlich,34.0,0,0,13.0,Southampton,Zweite,Mann,True,D,Southampton,ja,True
1,3,weiblich,15.0,0,0,8.0292,Queenstown,Dritte,Kind,False,,Queenstown,ja,True
1,1,männlich,28.0,0,0,35.5,Southampton,Erste,Mann,True,A,Southampton,ja,True
0,3,weiblich,8.0,3,1,21.075,Southampton,Dritte,Kind,False,,Southampton,nein,False
1,3,weiblich,38.0,1,5,31.3875,Southampton,Dritte,Frau,False,,Southampton,ja,False
0,3,männlich,,0,0,7.225,Cherbourg,Dritte,Mann,True,,Cherbourg,nein,True
0,1,männlich,19.0,3,2,263.0,Southampton,Erste,Mann,True,C,Southampton,nein,False
1,3,weiblich,,0,0,7.8792,Queenstown,Dritte,Frau,False,,Queenstown,ja,True
0,3,männlich,,0,0,7.8958,Southampton,Dritte,Mann,True,,Southampton,nein,True
0,1,männlich,40.0,0,0,27.7208,Cherbourg,Erste,Mann,True,,Cherbourg,nein,True
1,1,weiblich,,1,0,146.5208,Cherbourg,Erste,Frau,False,B,Cherbourg,ja,False
1,3,weiblich,,0,0,7.75,Queenstown,Dritte,Frau,False,,Queenstown,ja,True
0,2,männlich,66.0,0,0,10.5,Southampton,Zweite,Mann,True,,Southampton,nein,True
0,1,männlich,28.0,1,0,82.1708,Cherbourg,Erste,Mann,True,,Cherbourg,nein,False
0,1,männlich,42.0,1,0,52.0,Southampton,Erste,Mann,True,,Southampton,nein,False
1,3,männlich,,0,0,7.2292,Cherbourg,Dritte,Mann,True,,Cherbourg,ja,True
0,3,männlich,21.0,0,0,8.05,Southampton,Dritte,Mann,True,,Southampton,nein,True
0,3,weiblich,18.0,2,0,18.0,Southampton,Dritte,Frau,False,,Southampton,nein,False
1,3,weiblich,14.0,1,0,11.2417,Cherbourg,Dritte,Kind,False,,Cherbourg,ja,False
0,3,weiblich,40.0,1,0,9.475,Southampton,Dritte,Frau,False,,Southampton,nein,False
0,2,weiblich,27.0,1,0,21.0,Southampton,Zweite,Frau,False,,Southampton,nein,False
0,3,männlich,,0,0,7.8958,Cherbourg,Dritte,Mann,True,,Cherbourg,nein,True
1,2,weiblich,3.0,1,2,41.5792,Cherbourg,Zweite,Kind,False,,Cherbourg,ja,False
1,3,weiblich,19.0,0,0,7.8792,Queenstown,Dritte,Frau,False,,Queenstown,ja,True
0,3,männlich,,0,0,8.05,Southampton,Dritte,Mann,True,,Southampton,nein,True
0,3,männlich,,1,0,15.5,Queenstown,Dritte,Mann,True,,Queenstown,nein,False
1,3,weiblich,,0,0,7.75,Queenstown,Dritte,Frau,False,,Queenstown,ja,True
0,3,männlich,,2,0,21.6792,Cherbourg,Dritte,Mann,True,,Cherbourg,nein,False
0,3,weiblich,18.0,1,0,17.8,Southampton,Dritte,Frau,False,,Southampton,nein,False
0,3,männlich,7.0,4,1,39.6875,Southampton,Dritte,Kind,False,,Southampton,nein,False
0,3,männlich,21.0,0,0,7.8,Southampton,Dritte,Mann,True,,Southampton,nein,True
1,1,weiblich,49.0,1,0,76.7292,Cherbourg,Erste,Frau,False,D,Cherbourg,ja,False
1,2,weiblich,29.0,1,0,26.0,Southampton,Zweite,Frau,False,,Southampton,ja,False
0,1,männlich,65.0,0,1,61.9792,Cherbourg,Erste,Mann,True,B,Cherbourg,nein,False
1,1,männlich,,0,0,35.5,Southampton,Erste,Mann,True,C,Southampton,ja,True
1,2,weiblich,21.0,0,0,10.5,Southampton,Zweite,Frau,False,,Southampton,ja,True
0,3,männlich,28.5,0,0,7.2292,Cherbourg,Dritte,Mann,True,,Cherbourg,nein,True
1,2,weiblich,5.0,1,2,27.75,Southampton,Zweite,Kind,False,,Southampton,ja,False
0,3,männlich,11.0,5,2,46.9,Southampton,Dritte,Kind,False,,Southampton,nein,False
0,3,männlich,22.0,0,0,7.2292,Cherbourg,Dritte,Mann,True,,Cherbourg,nein,True
1,1,weiblich,38.0,0,0,80.0,,Erste,Frau,False,B,,ja,True
0,1,männlich,45.0,1,0,83.475,Southampton,Erste,Mann,True,C,Southampton,nein,False
0,3,männlich,4.0,3,2,27.9,Southampton,Dritte,Kind,False,,Southampton,nein,False
0,1,männlich,,0,0,27.7208,Cherbourg,Erste,Mann,True,,Cherbourg,nein,True
1,3,männlich,,1,1,15.2458,Cherbourg,Dritte,Mann,True,,Cherbourg,ja,False
1,2,weiblich,29.0,0,0,10.5,Southampton,Zweite,Frau,False,F,Southampton,ja,True
0,3,männlich,19.0,0,0,8.1583,Southampton,Dritte,Mann,True,,Southampton,nein,True
1,3,weiblich,17.0,4,2,7.925,Southampton,Dritte,Frau,False,,Southampton,ja,False
0,3,männlich,26.0,2,0,8.6625,Southampton,Dritte,Mann,True,,Southampton,nein,False
0,2,männlich,32.0,0,0,10.5,Southampton,Zweite,Mann,True,,Southampton,nein,True
0,3,weiblich,16.0,5,2,46.9,Southampton,Dritte,Frau,False,,Southampton,nein,False
0,2,männlich,21.0,0,0,73.5,Southampton,Zweite,Mann,True,,Southampton,nein,True
0,3,männlich,26.0,1,0,14.4542,Cherbourg,Dritte,Mann,True,,Cherbourg,nein,False
1,3,männlich,32.0,0,0,56.4958,Southampton,Dritte,Mann,True,,Southampton,ja,True
0,3,männlich,25.0,0,0,7.65,Southampton,Dritte,Mann,True,F,Southampton,nein,True
0,3,männlich,,0,0,7.8958,Southampton,Dritte,Mann,True,,Southampton,nein,True
0,3,männlich,,0,0,8.05,Southampton,Dritte,Mann,True,,Southampton,nein,True
1,2,männlich,0.83,0,2,29.0,Southampton,Zweite,Kind,False,,Southampton,ja,False
1,3,weiblich,30.0,0,0,12.475,Southampton,Dritte,Frau,False,,Southampton,ja,True
0,3,männlich,22.0,0,0,9.0,Southampton,Dritte,Mann,True,,Southampton,nein,True
1,3,männlich,29.0,0,0,9.5,Southampton,Dritte,Mann,True,,Southampton,ja,True
1,3,weiblich,,0,0,7.7875,Queenstown,Dritte,Frau,False,,Queenstown,ja,True
0,1,männlich,28.0,0,0,47.1,Southampton,Erste,Mann,True,,Southampton,nein,True
1,2,weiblich,17.0,0,0,10.5,Southampton,Zweite,Frau,False,,Southampton,ja,True
1,3,weiblich,33.0,3,0,15.85,Southampton,Dritte,Frau,False,,Southampton,ja,False
0,3,männlich,16.0,1,3,34.375,Southampton,Dritte,Mann,True,,Southampton,nein,False
0,3,männlich,,0,0,8.05,Southampton,Dritte,Mann,True,,Southampton,nein,True
1,1,weiblich,23.0,3,2,263.0,Southampton,Erste,Frau,False,C,Southampton,ja,False
0,3,männlich,24.0,0,0,8.05,Southampton,Dritte,Mann,True,,Southampton,nein,True
0,3,männlich,29.0,0,0,8.05,Southampton,Dritte,Mann,True,,Southampton,nein,True
0,3,männlich,20.0,0,0,7.8542,Southampton,Dritte,Mann,True,,Southampton,nein,True
0,1,männlich,46.0,1,0,61.175,Southampton,Erste,Mann,True,E,Southampton,nein,False
0,3,männlich,26.0,1,2,20.575,Southampton,Dritte,Mann,True,,Southampton,nein,False
0,3,männlich,59.0,0,0,7.25,Southampton,Dritte,Mann,True,,Southampton,nein,True
0,3,männlich,,0,0,8.05,Southampton,Dritte,Mann,True,,Southampton,nein,True
0,1,männlich,71.0,0,0,34.6542,Cherbourg,Erste,Mann,True,A,Cherbourg,nein,True
1,1,männlich,23.0,0,1,63.3583,Cherbourg,Erste,Mann,True,D,Cherbourg,ja,False
1,2,weiblich,34.0,0,1,23.0,Southampton,Zweite,Frau,False,,Southampton,ja,False
0,2,männlich,34.0,1,0,26.0,Southampton,Zweite,Mann,True,,Southampton,nein,False
0,3,weiblich,28.0,0,0,7.8958,Southampton,Dritte,Frau,False,,Southampton,nein,True
0,3,männlich,,0,0,7.8958,Southampton,Dritte,Mann,True,,Southampton,nein,True
0,1,männlich,21.0,0,1,77.2875,Southampton,Erste,Mann,True,D,Southampton,nein,False
0,3,männlich,33.0,0,0,8.6542,Southampton,Dritte,Mann,True,,Southampton,nein,True
0,3,männlich,37.0,2,0,7.925,Southampton,Dritte,Mann,True,,Southampton,nein,False
0,3,männlich,28.0,0,0,7.8958,Southampton,Dritte,Mann,True,,Southampton,nein,True
1,3,weiblich,21.0,0,0,7.65,Southampton,Dritte,Frau,False,,Southampton,ja,True
1,3,männlich,,0,0,7.775,Southampton,Dritte,Mann,True,,Southampton,ja,True
0,3,männlich,38.0,0,0,7.8958,Southampton,Dritte,Mann,True,,Southampton,nein,True
1,3,weiblich,,1,0,24.15,Queenstown,Dritte,Frau,False,,Queenstown,ja,False
0,1,männlich,47.0,0,0,52.0,Southampton,Erste,Mann,True,C,Southampton,nein,True
0,3,weiblich,14.5,1,0,14.4542,Cherbourg,Dritte,Kind,False,,Cherbourg,nein,False
0,3,männlich,22.0,0,0,8.05,Southampton,Dritte,Mann,True,,Southampton,nein,True
0,3,weiblich,20.0,1,0,9.825,Southampton,Dritte,Frau,False,,Southampton,nein,False
0,3,weiblich,17.0,0,0,14.4583,Cherbourg,Dritte,Frau,False,,Cherbourg,nein,True
0,3,männlich,21.0,0,0,7.925,Southampton,Dritte,Mann,True,,Southampton,nein,True
0,3,männlich,70.5,0,0,7.75,Queenstown,Dritte,Mann,True,,Queenstown,nein,True
0,2,männlich,29.0,1,0,21.0,Southampton,Zweite,Mann,True,,Southampton,nein,False
0,1,männlich,24.0,0,1,247.5208,Cherbourg,Erste,Mann,True,B,Cherbourg,nein,False
0,3,weiblich,2.0,4,2,31.275,Southampton,Dritte,Kind,False,,Southampton,nein,False
0,2,männlich,21.0,2,0,73.5,Southampton,Zweite,Mann,True,,Southampton,nein,False
0,3,männlich,,0,0,8.05,Southampton,Dritte,Mann,True,,Southampton,nein,True
0,2,männlich,32.5,1,0,30.0708,Cherbourg,Zweite,Mann,True,,Cherbourg,nein,False
1,2,weiblich,32.5,0,0,13.0,Southampton,Zweite,Frau,False,E,Southampton,ja,True
0,1,männlich,54.0,0,1,77.2875,Southampton,Erste,Mann,True,D,Southampton,nein,False
1,3,männlich,12.0,1,0,11.2417,Cherbourg,Dritte,Kind,False,,Cherbourg,ja,False
0,3,männlich,,0,0,7.75,Queenstown,Dritte,Mann,True,,Queenstown,nein,True
1,3,männlich,24.0,0,0,7.1417,Southampton,Dritte,Mann,True,,Southampton,ja,True
1,3,weiblich,,1,1,22.3583,Cherbourg,Dritte,Frau,False,F,Cherbourg,ja,False
0,3,männlich,45.0,0,0,6.975,Southampton,Dritte,Mann,True,,Southampton,nein,True
0,3,männlich,33.0,0,0,7.8958,Cherbourg,Dritte,Mann,True,,Cherbourg,nein,True
0,3,männlich,20.0,0,0,7.05,Southampton,Dritte,Mann,True,,Southampton,nein,True
0,3,weiblich,47.0,1,0,14.5,Southampton,Dritte,Frau,False,,Southampton,nein,False
1,2,weiblich,29.0,1,0,26.0,Southampton,Zweite,Frau,False,,Southampton,ja,False
0,2,männlich,25.0,0,0,13.0,Southampton,Zweite,Mann,True,,Southampton,nein,True
0,2,männlich,23.0,0,0,15.0458,Cherbourg,Zweite,Mann,True,,Cherbourg,nein,True
1,1,weiblich,19.0,0,2,26.2833,Southampton,Erste,Frau,False,D,Southampton,ja,False
0,1,männlich,37.0,1,0,53.1,Southampton,Erste,Mann,True,C,Southampton,nein,False
0,3,männlich,16.0,0,0,9.2167,Southampton,Dritte,Mann,True,,Southampton,nein,True
0,1,männlich,24.0,0,0,79.2,Cherbourg,Erste,Mann,True,B,Cherbourg,nein,True
0,3,weiblich,,0,2,15.2458,Cherbourg,Dritte,Frau,False,,Cherbourg,nein,False
1,3,weiblich,22.0,0,0,7.75,Southampton,Dritte,Frau,False,,Southampton,ja,True
1,3,weiblich,24.0,1,0,15.85,Southampton,Dritte,Frau,False,,Southampton,ja,False
0,3,männlich,19.0,0,0,6.75,Queenstown,Dritte,Mann,True,,Queenstown,nein,True
0,2,männlich,18.0,0,0,11.5,Southampton,Zweite,Mann,True,,Southampton,nein,True
0,2,männlich,19.0,1,1,36.75,Southampton,Zweite,Mann,True,,Southampton,nein,False
1,3,männlich,27.0,0,0,7.7958,Southampton,Dritte,Mann,True,,Southampton,ja,True
0,3,weiblich,9.0,2,2,34.375,Southampton,Dritte,Kind,False,,Southampton,nein,False
0,2,männlich,36.5,0,2,26.0,Southampton,Zweite,Mann,True,F,Southampton,nein,False
0,2,männlich,42.0,0,0,13.0,Southampton,Zweite,Mann,True,,Southampton,nein,True
0,2,männlich,51.0,0,0,12.525,Southampton,Zweite,Mann,True,,Southampton,nein,True
1,1,weiblich,22.0,1,0,66.6,Southampton,Erste,Frau,False,C,Southampton,ja,False
0,3,männlich,55.5,0,0,8.05,Southampton,Dritte,Mann,True,,Southampton,nein,True
0,3,männlich,40.5,0,2,14.5,Southampton,Dritte,Mann,True,,Southampton,nein,False
0,3,männlich,,0,0,7.3125,Southampton,Dritte,Mann,True,,Southampton,nein,True
0,1,männlich,51.0,0,1,61.3792,Cherbourg,Erste,Mann,True,,Cherbourg,nein,False
1,3,weiblich,16.0,0,0,7.7333,Queenstown,Dritte,Frau,False,,Queenstown,ja,True
0,3,männlich,30.0,0,0,8.05,Southampton,Dritte,Mann,True,,Southampton,nein,True
0,3,männlich,,0,0,8.6625,Southampton,Dritte,Mann,True,,Southampton,nein,True
0,3,männlich,,8,2,69.55,Southampton,Dritte,Mann,True,,Southampton,nein,False
0,3,männlich,44.0,0,1,16.1,Southampton,Dritte,Mann,True,,Southampton,nein,False
1,2,weiblich,40.0,0,0,15.75,Southampton,Zweite,Frau,False,,Southampton,ja,True
0,3,männlich,26.0,0,0,7.775,Southampton,Dritte,Mann,True,,Southampton,nein,True
0,3,männlich,17.0,0,0,8.6625,Southampton,Dritte,Mann,True,,Southampton,nein,True
0,3,männlich,1.0,4,1,39.6875,Southampton,Dritte,Kind,False,,Southampton,nein,False
1,3,männlich,9.0,0,2,20.525,Southampton,Dritte,Kind,False,,Southampton,ja,False
1,1,weiblich,,0,1,55.0,Southampton,Erste,Frau,False,E,Southampton,ja,False
0,3,weiblich,45.0,1,4,27.9,Southampton,Dritte,Frau,False,,Southampton,nein,False
0,1,männlich,,0,0,25.925,Southampton,Erste,Mann,True,,Southampton,nein,True
0,3,männlich,28.0,0,0,56.4958,Southampton,Dritte,Mann,True,,Southampton,nein,True
0,1,männlich,61.0,0,0,33.5,Southampton,Erste,Mann,True,B,Southampton,nein,True
0,3,männlich,4.0,4,1,29.125,Queenstown,Dritte,Kind,False,,Queenstown,nein,False
1,3,weiblich,1.0,1,1,11.1333,Southampton,Dritte,Kind,False,,Southampton,ja,False
0,3,männlich,21.0,0,0,7.925,Southampton,Dritte,Mann,True,,Southampton,nein,True
0,1,männlich,56.0,0,0,30.6958,Cherbourg,Erste,Mann,True,A,Cherbourg,nein,True
0,3,männlich,18.0,1,1,7.8542,Southampton,Dritte,Mann,True,,Southampton,nein,False
0,3,männlich,,3,1,25.4667,Southampton,Dritte,Mann,True,,Southampton,nein,False
0,1,weiblich,50.0,0,0,28.7125,Cherbourg,Erste,Frau,False,C,Cherbourg,nein,True
0,2,männlich,30.0,0,0,13.0,Southampton,Zweite,Mann,True,,Southampton,nein,True
0,3,männlich,36.0,0,0,0.0,Southampton,Dritte,Mann,True,,Southampton,nein,True
0,3,weiblich,,8,2,69.55,Southampton,Dritte,Frau,False,,Southampton,nein,False
0,2,männlich,,0,0,15.05,Cherbourg,Zweite,Mann,True,,Cherbourg,nein,True
0,3,männlich,9.0,4,2,31.3875,Southampton,Dritte,Kind,False,,Southampton,nein,False
1,2,männlich,1.0,2,1,39.0,Southampton,Zweite,Kind,False,F,Southampton,ja,False
1,3,weiblich,4.0,0,2,22.025,Southampton,Dritte,Kind,False,,Southampton,ja,False
0,1,männlich,,0,0,50.0,Southampton,Erste,Mann,True,A,Southampton,nein,True
1,3,weiblich,,1,0,15.5,Queenstown,Dritte,Frau,False,,Queenstown,ja,False
1,1,männlich,45.0,0,0,26.55,Southampton,Erste,Mann,True,,Southampton,ja,True
0,3,männlich,40.0,1,1,15.5,Queenstown,Dritte,Mann,True,,Queenstown,nein,False
0,3,männlich,36.0,0,0,7.8958,Southampton,Dritte,Mann,True,,Southampton,nein,True
1,2,weiblich,32.0,0,0,13.0,Southampton,Zweite,Frau,False,,Southampton,ja,True
0,2,männlich,19.0,0,0,13.0,Southampton,Zweite,Mann,True,,Southampton,nein,True
1,3,weiblich,19.0,1,0,7.8542,Southampton,Dritte,Frau,False,,Southampton,ja,False
1,2,männlich,3.0,1,1,26.0,Southampton,Zweite,Kind,False,F,Southampton,ja,False
1,1,weiblich,44.0,0,0,27.7208,Cherbourg,Erste,Frau,False,B,Cherbourg,ja,True
1,1,weiblich,58.0,0,0,146.5208,Cherbourg,Erste,Frau,False,B,Cherbourg,ja,True
0,3,männlich,,0,0,7.75,Queenstown,Dritte,Mann,True,,Queenstown,nein,True
0,3,männlich,42.0,0,1,8.4042,Southampton,Dritte,Mann,True,,Southampton,nein,False
1,3,weiblich,,0,0,7.75,Queenstown,Dritte,Frau,False,,Queenstown,ja,True
0,2,weiblich,24.0,0,0,13.0,Southampton,Zweite,Frau,False,,Southampton,nein,True
0,3,männlich,28.0,0,0,9.5,Southampton,Dritte,Mann,True,,Southampton,nein,True
0,3,männlich,,8,2,69.55,Southampton,Dritte,Mann,True,,Southampton,nein,False
0,3,männlich,34.0,0,0,6.4958,Southampton,Dritte,Mann,True,,Southampton,nein,True
0,3,männlich,45.5,0,0,7.225,Cherbourg,Dritte,Mann,True,,Cherbourg,nein,True
1,3,männlich,18.0,0,0,8.05,Southampton,Dritte,Mann,True,,Southampton,ja,True
0,3,weiblich,2.0,0,1,10.4625,Southampton,Dritte,Kind,False,G,Southampton,nein,False
0,3,männlich,32.0,1,0,15.85,Southampton,Dritte,Mann,True,,Southampton,nein,False
1,3,männlich,26.0,0,0,18.7875,Cherbourg,Dritte,Mann,True,,Cherbourg,ja,True
1,3,weiblich,16.0,0,0,7.75,Queenstown,Dritte,Frau,False,,Queenstown,ja,True
1,1,männlich,40.0,0,0,31.0,Cherbourg,Erste,Mann,True,A,Cherbourg,ja,True
0,3,männlich,24.0,0,0,7.05,Southampton,Dritte,Mann,True,,Southampton,nein,True
1,2,weiblich,35.0,0,0,21.0,Southampton,Zweite,Frau,False,,Southampton,ja,True
0,3,männlich,22.0,0,0,7.25,Southampton,Dritte,Mann,True,,Southampton,nein,True
0,2,männlich,30.0,0,0,13.0,Southampton,Zweite,Mann,True,,Southampton,nein,True
0,3,männlich,,1,0,7.75,Queenstown,Dritte,Mann,True,,Queenstown,nein,False
1,1,weiblich,31.0,1,0,113.275,Cherbourg,Erste,Frau,False,D,Cherbourg,ja,False
1,3,weiblich,27.0,0,0,7.925,Southampton,Dritte,Frau,False,,Southampton,ja,True
0,2,männlich,42.0,1,0,27.0,Southampton,Zweite,Mann,True,,Southampton,nein,False
1,1,weiblich,32.0,0,0,76.2917,Cherbourg,Erste,Frau,False,D,Cherbourg,ja,True
0,2,männlich,30.0,0,0,10.5,Southampton,Zweite,Mann,True,,Southampton,nein,True
1,3,männlich,16.0,0,0,8.05,Southampton,Dritte,Mann,True,,Southampton,ja,True
0,2,männlich,27.0,0,0,13.0,Southampton,Zweite,Mann,True,,Southampton,nein,True
0,3,männlich,51.0,0,0,8.05,Southampton,Dritte,Mann,True,,Southampton,nein,True
0,3,männlich,,0,0,7.8958,Southampton,Dritte,Mann,True,,Southampton,nein,True
1,1,männlich,38.0,1,0,90.0,Southampton,Erste,Mann,True,C,Southampton,ja,False
0,3,männlich,22.0,0,0,9.35,Southampton,Dritte,Mann,True,,Southampton,nein,True
1,2,männlich,19.0,0,0,10.5,Southampton,Zweite,Mann,True,,Southampton,ja,True
0,3,männlich,20.5,0,0,7.25,Southampton,Dritte,Mann,True,,Southampton,nein,True
0,2,männlich,18.0,0,0,13.0,Southampton,Zweite,Mann,True,,Southampton,nein,True
0,3,weiblich,,3,1,25.4667,Southampton,Dritte,Frau,False,,Southampton,nein,False
1,1,weiblich,35.0,1,0,83.475,Southampton,Erste,Frau,False,C,Southampton,ja,False
0,3,männlich,29.0,0,0,7.775,Southampton,Dritte,Mann,True,,Southampton,nein,True
0,2,männlich,59.0,0,0,13.5,Southampton,Zweite,Mann,True,,Southampton,nein,True
1,3,weiblich,5.0,4,2,31.3875,Southampton,Dritte,Kind,False,,Southampton,ja,False
0,2,männlich,24.0,0,0,10.5,Southampton,Zweite,Mann,True,,Southampton,nein,True
0,3,weiblich,,0,0,7.55,Southampton,Dritte,Frau,False,,Southampton,nein,True
0,2,männlich,44.0,1,0,26.0,Southampton,Zweite,Mann,True,,Southampton,nein,False
1,2,weiblich,8.0,0,2,26.25,Southampton,Zweite,Kind,False,,Southampton,ja,False
0,2,männlich,19.0,0,0,10.5,Southampton,Zweite,Mann,True,,Southampton,nein,True
0,2,männlich,33.0,0,0,12.275,Southampton,Zweite,Mann,True,,Southampton,nein,True
0,3,weiblich,,1,0,14.4542,Cherbourg,Dritte,Frau,False,,Cherbourg,nein,False
1,3,weiblich,,1,0,15.5,Queenstown,Dritte,Frau,False,,Queenstown,ja,False
0,2,männlich,29.0,0,0,10.5,Southampton,Zweite,Mann,True,,Southampton,nein,True
0,3,männlich,22.0,0,0,7.125,Southampton,Dritte,Mann,True,,Southampton,nein,True
0,3,männlich,30.0,0,0,7.225,Cherbourg,Dritte,Mann,True,,Cherbourg,nein,True
0,1,männlich,44.0,2,0,90.0,Queenstown,Erste,Mann,True,C,Queenstown,nein,False
0,3,weiblich,25.0,0,0,7.775,Southampton,Dritte,Frau,False,,Southampton,nein,True
1,2,weiblich,24.0,0,2,14.5,Southampton,Zweite,Frau,False,,Southampton,ja,False
1,1,männlich,37.0,1,1,52.5542,Southampton,Erste,Mann,True,D,Southampton,ja,False
0,2,männlich,54.0,1,0,26.0,Southampton,Zweite,Mann,True,,Southampton,nein,False
0,3,männlich,,0,0,7.25,Southampton,Dritte,Mann,True,,Southampton,nein,True
0,3,weiblich,29.0,1,1,10.4625,Southampton,Dritte,Frau,False,G,Southampton,nein,False
0,1,männlich,62.0,0,0,26.55,Southampton,Erste,Mann,True,C,Southampton,nein,True
0,3,männlich,30.0,1,0,16.1,Southampton,Dritte,Mann,True,,Southampton,nein,False
0,3,weiblich,41.0,0,2,20.2125,Southampton,Dritte,Frau,False,,Southampton,nein,False
1,3,weiblich,29.0,0,2,15.2458,Cherbourg,Dritte,Frau,False,,Cherbourg,ja,False
1,1,weiblich,,0,0,79.2,Cherbourg,Erste,Frau,False,,Cherbourg,ja,True
1,1,weiblich,30.0,0,0,86.5,Southampton,Erste,Frau,False,B,Southampton,ja,True
1,1,weiblich,35.0,0,0,512.3292,Cherbourg,Erste,Frau,False,,Cherbourg,ja,True
1,2,weiblich,50.0,0,1,26.0,Southampton,Zweite,Frau,False,,Southampton,ja,False
0,3,männlich,,0,0,7.75,Queenstown,Dritte,Mann,True,,Queenstown,nein,True
1,3,männlich,3.0,4,2,31.3875,Southampton,Dritte,Kind,False,,Southampton,ja,False
0,1,männlich,52.0,1,1,79.65,Southampton,Erste,Mann,True,E,Southampton,nein,False
0,1,männlich,40.0,0,0,0.0,Southampton,Erste,Mann,True,B,Southampton,nein,True
0,3,weiblich,,0,0,7.75,Queenstown,Dritte,Frau,False,,Queenstown,nein,True
0,2,männlich,36.0,0,0,10.5,Southampton,Zweite,Mann,True,,Southampton,nein,True
0,3,männlich,16.0,4,1,39.6875,Southampton,Dritte,Mann,True,,Southampton,nein,False
1,3,männlich,25.0,1,0,7.775,Southampton,Dritte,Mann,True,,Southampton,ja,False
1,1,weiblich,58.0,0,1,153.4625,Southampton,Erste,Frau,False,C,Southampton,ja,False
1,1,weiblich,35.0,0,0,135.6333,Southampton,Erste,Frau,False,C,Southampton,ja,True
0,1,männlich,,0,0,31.0,Southampton,Erste,Mann,True,,Southampton,nein,True
1,3,männlich,25.0,0,0,0.0,Southampton,Dritte,Mann,True,,Southampton,ja,True
1,2,weiblich,41.0,0,1,19.5,Southampton,Zweite,Frau,False,,Southampton,ja,False
0,1,männlich,37.0,0,1,29.7,Cherbourg,Erste,Mann,True,C,Cherbourg,nein,False
1,3,weiblich,,0,0,7.75,Queenstown,Dritte,Frau,False,,Queenstown,ja,True
1,1,weiblich,63.0,1,0,77.9583,Southampton,Erste,Frau,False,D,Southampton,ja,False
0,3,weiblich,45.0,0,0,7.75,Southampton,Dritte,Frau,False,,Southampton,nein,True
0,2,männlich,,0,0,0.0,Southampton,Zweite,Mann,True,,Southampton,nein,True
0,3,männlich,7.0,4,1,29.125,Queenstown,Dritte,Kind,False,,Queenstown,nein,False
1,3,weiblich,35.0,1,1,20.25,Southampton,Dritte,Frau,False,,Southampton,ja,False
0,3,männlich,65.0,0,0,7.75,Queenstown,Dritte,Mann,True,,Queenstown,nein,True
0,3,männlich,28.0,0,0,7.8542,Southampton,Dritte,Mann,True,,Southampton,nein,True
0,3,männlich,16.0,0,0,9.5,Southampton,Dritte,Mann,True,,Southampton,nein,True
1,3,männlich,19.0,0,0,8.05,Southampton,Dritte,Mann,True,,Southampton,ja,True
0,1,männlich,,0,0,26.0,Southampton,Erste,Mann,True,A,Southampton,nein,True
0,3,männlich,33.0,0,0,8.6625,Cherbourg,Dritte,Mann,True,,Cherbourg,nein,True
1,3,männlich,30.0,0,0,9.5,Southampton,Dritte,Mann,True,,Southampton,ja,True
0,3,männlich,22.0,0,0,7.8958,Southampton,Dritte,Mann,True,,Southampton,nein,True
1,2,männlich,42.0,0,0,13.0,Southampton,Zweite,Mann,True,,Southampton,ja,True
1,3,weiblich,22.0,0,0,7.75,Queenstown,Dritte,Frau,False,,Queenstown,ja,True
1,1,weiblich,26.0,0,0,78.85,Southampton,Erste,Frau,False,,Southampton,ja,True
1,1,weiblich,19.0,1,0,91.0792,Cherbourg,Erste,Frau,False,B,Cherbourg,ja,False
0,2,männlich,36.0,0,0,12.875,Cherbourg,Zweite,Mann,True,D,Cherbourg,nein,True
0,3,weiblich,24.0,0,0,8.85,Southampton,Dritte,Frau,False,,Southampton,nein,True
0,3,männlich,24.0,0,0,7.8958,Southampton,Dritte,Mann,True,,Southampton,nein,True
0,1,männlich,,0,0,27.7208,Cherbourg,Erste,Mann,True,,Cherbourg,nein,True
0,3,männlich,23.5,0,0,7.2292,Cherbourg,Dritte,Mann,True,,Cherbourg,nein,True
0,1,weiblich,2.0,1,2,151.55,Southampton,Erste,Kind,False,C,Southampton,nein,False
1,1,männlich,,0,0,30.5,Southampton,Erste,Mann,True,C,Southampton,ja,True
1,1,weiblich,50.0,0,1,247.5208,Cherbourg,Erste,Frau,False,B,Cherbourg,ja,False
1,3,weiblich,,0,0,7.75,Queenstown,Dritte,Frau,False,,Queenstown,ja,True
1,3,männlich,,2,0,23.25,Queenstown,Dritte,Mann,True,,Queenstown,ja,False
0,3,männlich,19.0,0,0,0.0,Southampton,Dritte,Mann,True,,Southampton,nein,True
1,2,weiblich,,0,0,12.35,Queenstown,Zweite,Frau,False,E,Queenstown,ja,True
0,3,männlich,,0,0,8.05,Southampton,Dritte,Mann,True,,Southampton,nein,True
1,1,männlich,0.92,1,2,151.55,Southampton,Erste,Kind,False,C,Southampton,ja,False
1,1,weiblich,,0,0,110.8833,Cherbourg,Erste,Frau,False,,Cherbourg,ja,True
1,1,weiblich,17.0,1,0,108.9,Cherbourg,Erste,Frau,False,C,Cherbourg,ja,False
0,2,männlich,30.0,1,0,24.0,Cherbourg,Zweite,Mann,True,,Cherbourg,nein,False
1,1,weiblich,30.0,0,0,56.9292,Cherbourg,Erste,Frau,False,E,Cherbourg,ja,True
1,1,weiblich,24.0,0,0,83.1583,Cherbourg,Erste,Frau,False,C,Cherbourg,ja,True
1,1,weiblich,18.0,2,2,262.375,Cherbourg,Erste,Frau,False,B,Cherbourg,ja,False
0,2,weiblich,26.0,1,1,26.0,Southampton,Zweite,Frau,False,,Southampton,nein,False
0,3,männlich,28.0,0,0,7.8958,Southampton,Dritte,Mann,True,,Southampton,nein,True
0,2,männlich,43.0,1,1,26.25,Southampton,Zweite,Mann,True,,Southampton,nein,False
1,3,weiblich,26.0,0,0,7.8542,Southampton,Dritte,Frau,False,,Southampton,ja,True
1,2,weiblich,24.0,1,0,26.0,Southampton,Zweite,Frau,False,,Southampton,ja,False
0,2,männlich,54.0,0,0,14.0,Southampton,Zweite,Mann,True,,Southampton,nein,True
1,1,weiblich,31.0,0,2,164.8667,Southampton,Erste,Frau,False,C,Southampton,ja,False
1,1,weiblich,40.0,1,1,134.5,Cherbourg,Erste,Frau,False,E,Cherbourg,ja,False
0,3,männlich,22.0,0,0,7.25,Southampton,Dritte,Mann,True,,Southampton,nein,True
0,3,männlich,27.0,0,0,7.8958,Southampton,Dritte,Mann,True,,Southampton,nein,True
1,2,weiblich,30.0,0,0,12.35,Queenstown,Zweite,Frau,False,,Queenstown,ja,True
1,2,weiblich,22.0,1,1,29.0,Southampton,Zweite,Frau,False,,Southampton,ja,False
0,3,männlich,,8,2,69.55,Southampton,Dritte,Mann,True,,Southampton,nein,False
1,1,weiblich,36.0,0,0,135.6333,Cherbourg,Erste,Frau,False,C,Cherbourg,ja,True
0,3,männlich,61.0,0,0,6.2375,Southampton,Dritte,Mann,True,,Southampton,nein,True
1,2,weiblich,36.0,0,0,13.0,Southampton,Zweite,Frau,False,D,Southampton,ja,True
1,3,weiblich,31.0,1,1,20.525,Southampton,Dritte,Frau,False,,Southampton,ja,False
1,1,weiblich,16.0,0,1,57.9792,Cherbourg,Erste,Frau,False,B,Cherbourg,ja,False
1,3,weiblich,,2,0,23.25,Queenstown,Dritte,Frau,False,,Queenstown,ja,False
0,1,männlich,45.5,0,0,28.5,Southampton,Erste,Mann,True,C,Southampton,nein,True
0,1,männlich,38.0,0,1,153.4625,Southampton,Erste,Mann,True,C,Southampton,nein,False
0,3,männlich,16.0,2,0,18.0,Southampton,Dritte,Mann,True,,Southampton,nein,False
1,1,weiblich,,1,0,133.65,Southampton,Erste,Frau,False,,Southampton,ja,False
0,3,männlich,,0,0,7.8958,Southampton,Dritte,Mann,True,,Southampton,nein,True
0,1,männlich,29.0,1,0,66.6,Southampton,Erste,Mann,True,C,Southampton,nein,False
1,1,weiblich,41.0,0,0,134.5,Cherbourg,Erste,Frau,False,E,Cherbourg,ja,True
1,3,männlich,45.0,0,0,8.05,Southampton,Dritte,Mann,True,,Southampton,ja,True
0,1,männlich,45.0,0,0,35.5,Southampton,Erste,Mann,True,,Southampton,nein,True
1,2,männlich,2.0,1,1,26.0,Southampton,Zweite,Kind,False,F,Southampton,ja,False
1,1,weiblich,24.0,3,2,263.0,Southampton,Erste,Frau,False,C,Southampton,ja,False
0,2,männlich,28.0,0,0,13.0,Southampton,Zweite,Mann,True,,Southampton,nein,True
0,2,männlich,25.0,0,0,13.0,Southampton,Zweite,Mann,True,,Southampton,nein,True
0,2,männlich,36.0,0,0,13.0,Southampton,Zweite,Mann,True,,Southampton,nein,True
1,2,weiblich,24.0,0,0,13.0,Southampton,Zweite,Frau,False,F,Southampton,ja,True
1,2,weiblich,40.0,0,0,13.0,Southampton,Zweite,Frau,False,,Southampton,ja,True
1,3,weiblich,,1,0,16.1,Southampton,Dritte,Frau,False,,Southampton,ja,False
1,3,männlich,3.0,1,1,15.9,Southampton,Dritte,Kind,False,,Southampton,ja,False
0,3,männlich,42.0,0,0,8.6625,Southampton,Dritte,Mann,True,,Southampton,nein,True
0,3,männlich,23.0,0,0,9.225,Southampton,Dritte,Mann,True,,Southampton,nein,True
0,1,männlich,,0,0,35.0,Southampton,Erste,Mann,True,C,Southampton,nein,True
0,3,männlich,15.0,1,1,7.2292,Cherbourg,Dritte,Kind,False,,Cherbourg,nein,False
0,3,männlich,25.0,1,0,17.8,Southampton,Dritte,Mann,True,,Southampton,nein,False
0,3,männlich,,0,0,7.225,Cherbourg,Dritte,Mann,True,,Cherbourg,nein,True
0,3,männlich,28.0,0,0,9.5,Southampton,Dritte,Mann,True,,Southampton,nein,True
1,1,weiblich,22.0,0,1,55.0,Southampton,Erste,Frau,False,E,Southampton,ja,False
0,2,weiblich,38.0,0,0,13.0,Southampton,Zweite,Frau,False,,Southampton,nein,True
1,3,weiblich,,0,0,7.8792,Queenstown,Dritte,Frau,False,,Queenstown,ja,True
1,3,weiblich,,0,0,7.8792,Queenstown,Dritte,Frau,False,,Queenstown,ja,True
0,3,männlich,40.0,1,4,27.9,Southampton,Dritte,Mann,True,,Southampton,nein,False
0,2,männlich,29.0,1,0,27.7208,Cherbourg,Zweite,Mann,True,,Cherbourg,nein,False
0,3,weiblich,45.0,0,1,14.4542,Cherbourg,Dritte,Frau,False,,Cherbourg,nein,False
0,3,männlich,35.0,0,0,7.05,Southampton,Dritte,Mann,True,,Southampton,nein,True
0,3,männlich,,1,0,15.5,Queenstown,Dritte,Mann,True,,Queenstown,nein,False
0,3,männlich,30.0,0,0,7.25,Southampton,Dritte,Mann,True,,Southampton,nein,True
1,1,weiblich,60.0,1,0,75.25,Cherbourg,Erste,Frau,False,D,Cherbourg,ja,False
1,3,weiblich,,0,0,7.2292,Cherbourg,Dritte,Frau,False,,Cherbourg,ja,True
1,3,weiblich,,0,0,7.75,Queenstown,Dritte,Frau,False,,Queenstown,ja,True
1,1,weiblich,24.0,0,0,69.3,Cherbourg,Erste,Frau,False,B,Cherbourg,ja,True
1,1,männlich,25.0,1,0,55.4417,Cherbourg,Erste,Mann,True,E,Cherbourg,ja,False
0,3,männlich,18.0,1,0,6.4958,Southampton,Dritte,Mann,True,,Southampton,nein,False
0,3,männlich,19.0,0,0,8.05,Southampton,Dritte,Mann,True,,Southampton,nein,True
0,1,männlich,22.0,0,0,135.6333,Cherbourg,Erste,Mann,True,,Cherbourg,nein,True
0,3,weiblich,3.0,3,1,21.075,Southampton,Dritte,Kind,False,,Southampton,nein,False
1,1,weiblich,,1,0,82.1708,Cherbourg,Erste,Frau,False,,Cherbourg,ja,False
1,3,weiblich,22.0,0,0,7.25,Southampton,Dritte,Frau,False,,Southampton,ja,True
0,1,männlich,27.0,0,2,211.5,Cherbourg,Erste,Mann,True,C,Cherbourg,nein,False
0,3,männlich,20.0,0,0,4.0125,Cherbourg,Dritte,Mann,True,,Cherbourg,nein,True
0,3,männlich,19.0,0,0,7.775,Southampton,Dritte,Mann,True,,Southampton,nein,True
1,1,weiblich,42.0,0,0,227.525,Cherbourg,Erste,Frau,False,,Cherbourg,ja,True
1,3,weiblich,1.0,0,2,15.7417,Cherbourg,Dritte,Kind,False,,Cherbourg,ja,False
0,3,männlich,32.0,0,0,7.925,Southampton,Dritte,Mann,True,,Southampton,nein,True
1,1,weiblich,35.0,1,0,52.0,Southampton,Erste,Frau,False,,Southampton,ja,False
0,3,männlich,,0,0,7.8958,Southampton,Dritte,Mann,True,,Southampton,nein,True
0,2,männlich,18.0,0,0,73.5,Southampton,Zweite,Mann,True,,Southampton,nein,True
0,3,männlich,1.0,5,2,46.9,Southampton,Dritte,Kind,False,,Southampton,nein,False
1,2,weiblich,36.0,0,0,13.0,Southampton,Zweite,Frau,False,,Southampton,ja,True
0,3,männlich,,0,0,7.7292,Queenstown,Dritte,Mann,True,,Queenstown,nein,True
1,2,weiblich,17.0,0,0,12.0,Cherbourg,Zweite,Frau,False,,Cherbourg,ja,True
1,1,männlich,36.0,1,2,120.0,Southampton,Erste,Mann,True,B,Southampton,ja,False
1,3,männlich,21.0,0,0,7.7958,Southampton,Dritte,Mann,True,,Southampton,ja,True
0,3,männlich,28.0,2,0,7.925,Southampton,Dritte,Mann,True,,Southampton,nein,False
1,1,weiblich,23.0,1,0,113.275,Cherbourg,Erste,Frau,False,D,Cherbourg,ja,False
1,3,weiblich,24.0,0,2,16.7,Southampton,Dritte,Frau,False,G,Southampton,ja,False
0,3,männlich,22.0,0,0,7.7958,Southampton,Dritte,Mann,True,,Southampton,nein,True
0,3,weiblich,31.0,0,0,7.8542,Southampton,Dritte,Frau,False,,Southampton,nein,True
0,2,männlich,46.0,0,0,26.0,Southampton,Zweite,Mann,True,,Southampton,nein,True
0,2,männlich,23.0,0,0,10.5,Southampton,Zweite,Mann,True,,Southampton,nein,True
1,2,weiblich,28.0,0,0,12.65,Southampton,Zweite,Frau,False,,Southampton,ja,True
1,3,männlich,39.0,0,0,7.925,Southampton,Dritte,Mann,True,,Southampton,ja,True
0,3,männlich,26.0,0,0,8.05,Southampton,Dritte,Mann,True,,Southampton,nein,True
0,3,weiblich,21.0,1,0,9.825,Southampton,Dritte,Frau,False,,Southampton,nein,False
0,3,männlich,28.0,1,0,15.85,Southampton,Dritte,Mann,True,,Southampton,nein,False
0,3,weiblich,20.0,0,0,8.6625,Southampton,Dritte,Frau,False,,Southampton,nein,True
0,2,männlich,34.0,1,0,21.0,Southampton,Zweite,Mann,True,,Southampton,nein,False
0,3,männlich,51.0,0,0,7.75,Southampton,Dritte,Mann,True,,Southampton,nein,True
1,2,männlich,3.0,1,1,18.75,Southampton,Zweite,Kind,False,,Southampton,ja,False
0,3,männlich,21.0,0,0,7.775,Southampton,Dritte,Mann,True,,Southampton,nein,True
0,3,weiblich,,3,1,25.4667,Southampton,Dritte,Frau,False,,Southampton,nein,False
0,3,männlich,,0,0,7.8958,Southampton,Dritte,Mann,True,,Southampton,nein,True
0,3,männlich,,0,0,6.8583,Queenstown,Dritte,Mann,True,,Queenstown,nein,True
1,1,weiblich,33.0,1,0,90.0,Queenstown,Erste,Frau,False,C,Queenstown,ja,False
0,2,männlich,,0,0,0.0,Southampton,Zweite,Mann,True,,Southampton,nein,True
1,3,männlich,44.0,0,0,7.925,Southampton,Dritte,Mann,True,,Southampton,ja,True
0,3,weiblich,,0,0,8.05,Southampton,Dritte,Frau,False,,Southampton,nein,True
1,2,weiblich,34.0,1,1,32.5,Southampton,Zweite,Frau,False,,Southampton,ja,False
1,2,weiblich,18.0,0,2,13.0,Southampton,Zweite,Frau,False,,Southampton,ja,False
0,2,männlich,30.0,0,0,13.0,Southampton,Zweite,Mann,True,,Southampton,nein,True
0,3,weiblich,10.0,0,2,24.15,Southampton,Dritte,Kind,False,,Southampton,nein,False
0,3,männlich,,0,0,7.8958,Cherbourg,Dritte,Mann,True,,Cherbourg,nein,True
0,3,männlich,21.0,0,0,7.7333,Queenstown,Dritte,Mann,True,,Queenstown,nein,True
0,3,männlich,29.0,0,0,7.875,Southampton,Dritte,Mann,True,,Southampton,nein,True
0,3,weiblich,28.0,1,1,14.4,Southampton,Dritte,Frau,False,,Southampton,nein,False
0,3,männlich,18.0,1,1,20.2125,Southampton,Dritte,Mann,True,,Southampton,nein,False
0,3,männlich,,0,0,7.25,Southampton,Dritte,Mann,True,,Southampton,nein,True
1,2,weiblich,28.0,1,0,26.0,Southampton,Zweite,Frau,False,,Southampton,ja,False
1,2,weiblich,19.0,0,0,26.0,Southampton,Zweite,Frau,False,,Southampton,ja,True
0,3,männlich,,0,0,7.75,Queenstown,Dritte,Mann,True,,Queenstown,nein,True
1,3,männlich,32.0,0,0,8.05,Southampton,Dritte,Mann,True,E,Southampton,ja,True
1,1,männlich,28.0,0,0,26.55,Southampton,Erste,Mann,True,C,Southampton,ja,True
1,3,weiblich,,1,0,16.1,Southampton,Dritte,Frau,False,,Southampton,ja,False
1,2,weiblich,42.0,1,0,26.0,Southampton,Zweite,Frau,False,,Southampton,ja,False
0,3,männlich,17.0,0,0,7.125,Southampton,Dritte,Mann,True,,Southampton,nein,True
0,1,männlich,50.0,1,0,55.9,Southampton,Erste,Mann,True,E,Southampton,nein,False
1,1,weiblich,14.0,1,2,120.0,Southampton,Erste,Kind,False,B,Southampton,ja,False
0,3,weiblich,21.0,2,2,34.375,Southampton,Dritte,Frau,False,,Southampton,nein,False
1,2,weiblich,24.0,2,3,18.75,Southampton,Zweite,Frau,False,,Southampton,ja,False
0,1,männlich,64.0,1,4,263.0,Southampton,Erste,Mann,True,C,Southampton,nein,False
0,2,männlich,31.0,0,0,10.5,Southampton,Zweite,Mann,True,,Southampton,nein,True
1,2,weiblich,45.0,1,1,26.25,Southampton,Zweite,Frau,False,,Southampton,ja,False
0,3,männlich,20.0,0,0,9.5,Southampton,Dritte,Mann,True,,Southampton,nein,True
0,3,männlich,25.0,1,0,7.775,Southampton,Dritte,Mann,True,,Southampton,nein,False
1,2,weiblich,28.0,0,0,13.0,Southampton,Zweite,Frau,False,,Southampton,ja,True
1,3,männlich,,0,0,8.1125,Southampton,Dritte,Mann,True,,Southampton,ja,True
1,1,männlich,4.0,0,2,81.8583,Southampton,Erste,Kind,False,A,Southampton,ja,False
1,2,weiblich,13.0,0,1,19.5,Southampton,Zweite,Kind,False,,Southampton,ja,False
1,1,männlich,34.0,0,0,26.55,Southampton,Erste,Mann,True,,Southampton,ja,True
1,3,weiblich,5.0,2,1,19.2583,Cherbourg,Dritte,Kind,False,,Cherbourg,ja,False
1,1,männlich,52.0,0,0,30.5,Southampton,Erste,Mann,True,C,Southampton,ja,True
0,2,männlich,36.0,1,2,27.75,Southampton,Zweite,Mann,True,,Southampton,nein,False
0,3,männlich,,1,0,19.9667,Southampton,Dritte,Mann,True,,Southampton,nein,False
0,1,männlich,30.0,0,0,27.75,Cherbourg,Erste,Mann,True,C,Cherbourg,nein,True
1,1,männlich,49.0,1,0,89.1042,Cherbourg,Erste,Mann,True,C,Cherbourg,ja,False
0,3,männlich,,0,0,8.05,Southampton,Dritte,Mann,True,,Southampton,nein,True
1,3,männlich,29.0,0,0,7.8958,Cherbourg,Dritte,Mann,True,,Cherbourg,ja,True
0,1,männlich,65.0,0,0,26.55,Southampton,Erste,Mann,True,E,Southampton,nein,True
1,1,weiblich,,1,0,51.8625,Southampton,Erste,Frau,False,D,Southampton,ja,False
1,2,weiblich,50.0,0,0,10.5,Southampton,Zweite,Frau,False,,Southampton,ja,True
0,3,männlich,,0,0,7.75,Queenstown,Dritte,Mann,True,,Queenstown,nein,True
1,1,männlich,48.0,0,0,26.55,Southampton,Erste,Mann,True,E,Southampton,ja,True
0,3,männlich,34.0,0,0,8.05,Southampton,Dritte,Mann,True,,Southampton,nein,True
0,1,männlich,47.0,0,0,38.5,Southampton,Erste,Mann,True,E,Southampton,nein,True
0,2,männlich,48.0,0,0,13.0,Southampton,Zweite,Mann,True,,Southampton,nein,True
0,3,männlich,,0,0,8.05,Southampton,Dritte,Mann,True,,Southampton,nein,True
0,3,männlich,38.0,0,0,7.05,Southampton,Dritte,Mann,True,,Southampton,nein,True
0,2,männlich,,0,0,0.0,Southampton,Zweite,Mann,True,,Southampton,nein,True
0,1,männlich,56.0,0,0,26.55,Southampton,Erste,Mann,True,,Southampton,nein,True
0,3,männlich,,0,0,7.725,Queenstown,Dritte,Mann,True,,Queenstown,nein,True
1,3,weiblich,0.75,2,1,19.2583,Cherbourg,Dritte,Kind,False,,Cherbourg,ja,False
0,3,männlich,,0,0,7.25,Southampton,Dritte,Mann,True,,Southampton,nein,True
0,3,männlich,38.0,0,0,8.6625,Southampton,Dritte,Mann,True,,Southampton,nein,True
1,2,weiblich,33.0,1,2,27.75,Southampton,Zweite,Frau,False,,Southampton,ja,False
1,2,weiblich,23.0,0,0,13.7917,Cherbourg,Zweite,Frau,False,D,Cherbourg,ja,True
0,3,weiblich,22.0,0,0,9.8375,Southampton,Dritte,Frau,False,,Southampton,nein,True
0,1,männlich,,0,0,52.0,Southampton,Erste,Mann,True,A,Southampton,nein,True
0,2,männlich,34.0,1,0,21.0,Southampton,Zweite,Mann,True,,Southampton,nein,False
0,3,männlich,29.0,1,0,7.0458,Southampton,Dritte,Mann,True,,Southampton,nein,False
0,3,männlich,22.0,0,0,7.5208,Southampton,Dritte,Mann,True,,Southampton,nein,True
1,3,weiblich,2.0,0,1,12.2875,Southampton,Dritte,Kind,False,,Southampton,ja,False
0,3,männlich,9.0,5,2,46.9,Southampton,Dritte,Kind,False,,Southampton,nein,False
0,2,männlich,,0,0,0.0,Southampton,Zweite,Mann,True,,Southampton,nein,True
0,3,männlich,50.0,0,0,8.05,Southampton,Dritte,Mann,True,,Southampton,nein,True
1,3,weiblich,63.0,0,0,9.5875,Southampton,Dritte,Frau,False,,Southampton,ja,True
1,1,männlich,25.0,1,0,91.0792,Cherbourg,Erste,Mann,True,B,Cherbourg,ja,False
0,3,weiblich,,3,1,25.4667,Southampton,Dritte,Frau,False,,Southampton,nein,False
1,1,weiblich,35.0,1,0,90.0,Southampton,Erste,Frau,False,C,Southampton,ja,False
0,1,männlich,58.0,0,0,29.7,Cherbourg,Erste,Mann,True,B,Cherbourg,nein,True
0,3,männlich,30.0,0,0,8.05,Southampton,Dritte,Mann,True,,Southampton,nein,True
1,3,männlich,9.0,1,1,15.9,Southampton,Dritte,Kind,False,,Southampton,ja,False
0,3,männlich,,1,0,19.9667,Southampton,Dritte,Mann,True,,Southampton,nein,False
0,3,männlich,21.0,0,0,7.25,Southampton,Dritte,Mann,True,,Southampton,nein,True
0,1,männlich,55.0,0,0,30.5,Southampton,Erste,Mann,True,C,Southampton,nein,True
0,1,männlich,71.0,0,0,49.5042,Cherbourg,Erste,Mann,True,,Cherbourg,nein,True
0,3,männlich,21.0,0,0,8.05,Southampton,Dritte,Mann,True,,Southampton,nein,True
0,3,männlich,,0,0,14.4583,Cherbourg,Dritte,Mann,True,,Cherbourg,nein,True
1,1,weiblich,54.0,1,0,78.2667,Cherbourg,Erste,Frau,False,D,Cherbourg,ja,False
0,3,männlich,,0,0,15.1,Southampton,Dritte,Mann,True,,Southampton,nein,True
0,1,weiblich,25.0,1,2,151.55,Southampton,Erste,Frau,False,C,Southampton,nein,False
0,3,männlich,24.0,0,0,7.7958,Southampton,Dritte,Mann,True,,Southampton,nein,True
0,3,männlich,17.0,0,0,8.6625,Southampton,Dritte,Mann,True,,Southampton,nein,True
0,3,weiblich,21.0,0,0,7.75,Queenstown,Dritte,Frau,False,,Queenstown,nein,True
0,3,weiblich,,0,0,7.6292,Queenstown,Dritte,Frau,False,,Queenstown,nein,True
0,3,weiblich,37.0,0,0,9.5875,Southampton,Dritte,Frau,False,,Southampton,nein,True
1,1,weiblich,16.0,0,0,86.5,Southampton,Erste,Frau,False,B,Southampton,ja,True
0,1,männlich,18.0,1,0,108.9,Cherbourg,Erste,Mann,True,C,Cherbourg,nein,False
1,2,weiblich,33.0,0,2,26.0,Southampton,Zweite,Frau,False,,Southampton,ja,False
1,1,männlich,,0,0,26.55,Southampton,Erste,Mann,True,,Southampton,ja,True
0,3,männlich,28.0,0,0,22.525,Southampton,Dritte,Mann,True,,Southampton,nein,True
1,3,männlich,26.0,0,0,56.4958,Southampton,Dritte,Mann,True,,Southampton,ja,True
1,3,männlich,29.0,0,0,7.75,Queenstown,Dritte,Mann,True,,Queenstown,ja,True
0,3,männlich,,0,0,8.05,Southampton,Dritte,Mann,True,,Southampton,nein,True
1,1,männlich,36.0,0,0,26.2875,Southampton,Erste,Mann,True,E,Southampton,ja,True
1,1,weiblich,54.0,1,0,59.4,Cherbourg,Erste,Frau,False,,Cherbourg,ja,False
0,3,männlich,24.0,0,0,7.4958,Southampton,Dritte,Mann,True,,Southampton,nein,True
0,1,männlich,47.0,0,0,34.0208,Southampton,Erste,Mann,True,D,Southampton,nein,True
1,2,weiblich,34.0,0,0,10.5,Southampton,Zweite,Frau,False,F,Southampton,ja,True
0,3,männlich,,0,0,24.15,Queenstown,Dritte,Mann,True,,Queenstown,nein,True
1,2,weiblich,36.0,1,0,26.0,Southampton,Zweite,Frau,False,,Southampton,ja,False
0,3,männlich,32.0,0,0,7.8958,Southampton,Dritte,Mann,True,,Southampton,nein,True
1,1,weiblich,30.0,0,0,93.5,Southampton,Erste,Frau,False,B,Southampton,ja,True
0,3,männlich,22.0,0,0,7.8958,Southampton,Dritte,Mann,True,,Southampton,nein,True
0,3,männlich,,0,0,7.225,Cherbourg,Dritte,Mann,True,,Cherbourg,nein,True
1,1,weiblich,44.0,0,1,57.9792,Cherbourg,Erste,Frau,False,B,Cherbourg,ja,False
0,3,männlich,,0,0,7.2292,Cherbourg,Dritte,Mann,True,,Cherbourg,nein,True
0,3,männlich,40.5,0,0,7.75,Queenstown,Dritte,Mann,True,,Queenstown,nein,True
1,2,weiblich,50.0,0,0,10.5,Southampton,Zweite,Frau,False,,Southampton,ja,True
0,1,männlich,,0,0,221.7792,Southampton,Erste,Mann,True,C,Southampton,nein,True
0,3,männlich,39.0,0,0,7.925,Southampton,Dritte,Mann,True,,Southampton,nein,True
0,2,männlich,23.0,2,1,11.5,Southampton,Zweite,Mann,True,,Southampton,nein,False
1,2,weiblich,2.0,1,1,26.0,Southampton,Zweite,Kind,False,,Southampton,ja,False
0,3,männlich,,0,0,7.2292,Cherbourg,Dritte,Mann,True,,Cherbourg,nein,True
0,3,männlich,17.0,1,1,7.2292,Cherbourg,Dritte,Mann,True,,Cherbourg,nein,False
1,3,weiblich,,0,2,22.3583,Cherbourg,Dritte,Frau,False,,Cherbourg,ja,False
0,3,weiblich,30.0,0,0,8.6625,Southampton,Dritte,Frau,False,,Southampton,nein,True
1,2,weiblich,7.0,0,2,26.25,Southampton,Zweite,Kind,False,,Southampton,ja,False
0,1,männlich,45.0,0,0,26.55,Southampton,Erste,Mann,True,B,Southampton,nein,True
1,1,weiblich,30.0,0,0,106.425,Cherbourg,Erste,Frau,False,,Cherbourg,ja,True
0,3,männlich,,0,0,14.5,Southampton,Dritte,Mann,True,,Southampton,nein,True
1,1,weiblich,22.0,0,2,49.5,Cherbourg,Erste,Frau,False,B,Cherbourg,ja,False
1,1,weiblich,36.0,0,2,71.0,Southampton,Erste,Frau,False,B,Southampton,ja,False
0,3,weiblich,9.0,4,2,31.275,Southampton,Dritte,Kind,False,,Southampton,nein,False
0,3,weiblich,11.0,4,2,31.275,Southampton,Dritte,Kind,False,,Southampton,nein,False
1,2,männlich,32.0,1,0,26.0,Southampton,Zweite,Mann,True,,Southampton,ja,False
0,1,männlich,50.0,1,0,106.425,Cherbourg,Erste,Mann,True,C,Cherbourg,nein,False
0,1,männlich,64.0,0,0,26.0,Southampton,Erste,Mann,True,,Southampton,nein,True
1,2,weiblich,19.0,1,0,26.0,Southampton,Zweite,Frau,False,,Southampton,ja,False
1,2,männlich,,0,0,13.8625,Cherbourg,Zweite,Mann,True,,Cherbourg,ja,True
0,3,männlich,33.0,1,1,20.525,Southampton,Dritte,Mann,True,,Southampton,nein,False
1,2,männlich,8.0,1,1,36.75,Southampton,Zweite,Kind,False,,Southampton,ja,False
1,1,männlich,17.0,0,2,110.8833,Cherbourg,Erste,Mann,True,C,Cherbourg,ja,False
0,2,männlich,27.0,0,0,26.0,Southampton,Zweite,Mann,True,,Southampton,nein,True
0,3,männlich,,0,0,7.8292,Queenstown,Dritte,Mann,True,,Queenstown,nein,True
1,3,männlich,22.0,0,0,7.225,Cherbourg,Dritte,Mann,True,,Cherbourg,ja,True
1,3,weiblich,22.0,0,0,7.775,Southampton,Dritte,Frau,False,,Southampton,ja,True
0,1,männlich,62.0,0,0,26.55,Southampton,Erste,Mann,True,,Southampton,nein,True
1,1,weiblich,48.0,1,0,39.6,Cherbourg,Erste,Frau,False,A,Cherbourg,ja,False
0,1,männlich,,0,0,227.525,Cherbourg,Erste,Mann,True,,Cherbourg,nein,True
1,1,weiblich,39.0,1,1,79.65,Southampton,Erste,Frau,False,E,Southampton,ja,False
1,3,weiblich,36.0,1,0,17.4,Southampton,Dritte,Frau,False,,Southampton,ja,False
0,3,männlich,,0,0,7.75,Queenstown,Dritte,Mann,True,,Queenstown,nein,True
0,3,männlich,40.0,0,0,7.8958,Southampton,Dritte,Mann,True,,Southampton,nein,True
0,2,männlich,28.0,0,0,13.5,Southampton,Zweite,Mann,True,,Southampton,nein,True
0,3,männlich,,0,0,8.05,Southampton,Dritte,Mann,True,,Southampton,nein,True
0,3,weiblich,,0,0,8.05,Southampton,Dritte,Frau,False,,Southampton,nein,True
0,3,männlich,24.0,2,0,24.15,Southampton,Dritte,Mann,True,,Southampton,nein,False
0,3,männlich,19.0,0,0,7.8958,Southampton,Dritte,Mann,True,,Southampton,nein,True
0,3,weiblich,29.0,0,4,21.075,Southampton,Dritte,Frau,False,,Southampton,nein,False
0,3,männlich,,0,0,7.2292,Cherbourg,Dritte,Mann,True,,Cherbourg,nein,True
1,3,männlich,32.0,0,0,7.8542,Southampton,Dritte,Mann,True,,Southampton,ja,True
1,2,männlich,62.0,0,0,10.5,Southampton,Zweite,Mann,True,,Southampton,ja,True
1,1,weiblich,53.0,2,0,51.4792,Southampton,Erste,Frau,False,C,Southampton,ja,False
1,1,männlich,36.0,0,0,26.3875,Southampton,Erste,Mann,True,E,Southampton,ja,True
1,3,weiblich,,0,0,7.75,Queenstown,Dritte,Frau,False,,Queenstown,ja,True
0,3,männlich,16.0,0,0,8.05,Southampton,Dritte,Mann,True,,Southampton,nein,True
0,3,männlich,19.0,0,0,14.5,Southampton,Dritte,Mann,True,,Southampton,nein,True
1,2,weiblich,34.0,0,0,13.0,Southampton,Zweite,Frau,False,,Southampton,ja,True
1,1,weiblich,39.0,1,0,55.9,Southampton,Erste,Frau,False,E,Southampton,ja,False
0,3,weiblich,,1,0,14.4583,Cherbourg,Dritte,Frau,False,,Cherbourg,nein,False
1,3,männlich,32.0,0,0,7.925,Southampton,Dritte,Mann,True,,Southampton,ja,True
1,2,weiblich,25.0,1,1,30.0,Southampton,Zweite,Frau,False,,Southampton,ja,False
1,1,weiblich,39.0,1,1,110.8833,Cherbourg,Erste,Frau,False,C,Cherbourg,ja,False
0,2,männlich,54.0,0,0,26.0,Southampton,Zweite,Mann,True,,Southampton,nein,True
0,1,männlich,36.0,0,0,40.125,Cherbourg,Erste,Mann,True,A,Cherbourg,nein,True
0,3,männlich,,0,0,8.7125,Cherbourg,Dritte,Mann,True,,Cherbourg,nein,True
1,1,weiblich,18.0,0,2,79.65,Southampton,Erste,Frau,False,E,Southampton,ja,False
0,2,männlich,47.0,0,0,15.0,Southampton,Zweite,Mann,True,,Southampton,nein,True
1,1,männlich,60.0,1,1,79.2,Cherbourg,Erste,Mann,True,B,Cherbourg,ja,False
0,3,männlich,22.0,0,0,8.05,Southampton,Dritte,Mann,True,,Southampton,nein,True
0,3,männlich,,0,0,8.05,Southampton,Dritte,Mann,True,,Southampton,nein,True
0,3,männlich,35.0,0,0,7.125,Southampton,Dritte,Mann,True,,Southampton,nein,True
1,1,weiblich,52.0,1,0,78.2667,Cherbourg,Erste,Frau,False,D,Cherbourg,ja,False
0,3,männlich,47.0,0,0,7.25,Southampton,Dritte,Mann,True,,Southampton,nein,True
0,3,weiblich,,0,2,7.75,Queenstown,Dritte,Frau,False,,Queenstown,nein,False
0,2,männlich,37.0,1,0,26.0,Southampton,Zweite,Mann,True,,Southampton,nein,False
0,3,männlich,36.0,1,1,24.15,Southampton,Dritte,Mann,True,,Southampton,nein,False
1,2,weiblich,,0,0,33.0,Southampton,Zweite,Frau,False,,Southampton,ja,True
0,3,männlich,49.0,0,0,0.0,Southampton,Dritte,Mann,True,,Southampton,nein,True
0,3,männlich,,0,0,7.225,Cherbourg,Dritte,Mann,True,,Cherbourg,nein,True
1,1,männlich,49.0,1,0,56.9292,Cherbourg,Erste,Mann,True,A,Cherbourg,ja,False
1,2,weiblich,24.0,2,1,27.0,Southampton,Zweite,Frau,False,,Southampton,ja,False
0,3,männlich,,0,0,7.8958,Southampton,Dritte,Mann,True,,Southampton,nein,True
0,1,männlich,,0,0,42.4,Southampton,Erste,Mann,True,,Southampton,nein,True
0,3,männlich,44.0,0,0,8.05,Southampton,Dritte,Mann,True,,Southampton,nein,True
1,1,männlich,35.0,0,0,26.55,Cherbourg,Erste,Mann,True,,Cherbourg,ja,True
0,3,männlich,36.0,1,0,15.55,Southampton,Dritte,Mann,True,,Southampton,nein,False
0,3,männlich,30.0,0,0,7.8958,Southampton,Dritte,Mann,True,,Southampton,nein,True
1,1,männlich,27.0,0,0,30.5,Southampton,Erste,Mann,True,,Southampton,ja,True
1,2,weiblich,22.0,1,2,41.5792,Cherbourg,Zweite,Frau,False,,Cherbourg,ja,False
1,1,weiblich,40.0,0,0,153.4625,Southampton,Erste,Frau,False,C,Southampton,ja,True
0,3,weiblich,39.0,1,5,31.275,Southampton,Dritte,Frau,False,,Southampton,nein,False
0,3,männlich,,0,0,7.05,Southampton,Dritte,Mann,True,,Southampton,nein,True
1,3,weiblich,,1,0,15.5,Queenstown,Dritte,Frau,False,,Queenstown,ja,False
0,3,männlich,,0,0,7.75,Queenstown,Dritte,Mann,True,,Queenstown,nein,True
0,3,männlich,35.0,0,0,8.05,Southampton,Dritte,Mann,True,,Southampton,nein,True
1,2,weiblich,24.0,1,2,65.0,Southampton,Zweite,Frau,False,,Southampton,ja,False
0,3,männlich,34.0,1,1,14.4,Southampton,Dritte,Mann,True,,Southampton,nein,False
0,3,weiblich,26.0,1,0,16.1,Southampton,Dritte,Frau,False,,Southampton,nein,False
1,2,weiblich,4.0,2,1,39.0,Southampton,Zweite,Kind,False,F,Southampton,ja,False
0,2,männlich,26.0,0,0,10.5,Southampton,Zweite,Mann,True,,Southampton,nein,True
0,3,männlich,27.0,1,0,14.4542,Cherbourg,Dritte,Mann,True,,Cherbourg,nein,False
1,1,männlich,42.0,1,0,52.5542,Southampton,Erste,Mann,True,D,Southampton,ja,False
1,3,männlich,20.0,1,1,15.7417,Cherbourg,Dritte,Mann,True,,Cherbourg,ja,False
0,3,männlich,21.0,0,0,7.8542,Southampton,Dritte,Mann,True,,Southampton,nein,True
0,3,männlich,21.0,0,0,16.1,Southampton,Dritte,Mann,True,,Southampton,nein,True
0,1,männlich,61.0,0,0,32.3208,Southampton,Erste,Mann,True,D,Southampton,nein,True
0,2,männlich,57.0,0,0,12.35,Queenstown,Zweite,Mann,True,,Queenstown,nein,True
1,1,weiblich,21.0,0,0,77.9583,Southampton,Erste,Frau,False,D,Southampton,ja,True
0,3,männlich,26.0,0,0,7.8958,Southampton,Dritte,Mann,True,,Southampton,nein,True
0,3,männlich,,0,0,7.7333,Queenstown,Dritte,Mann,True,,Queenstown,nein,True
1,1,männlich,80.0,0,0,30.0,Southampton,Erste,Mann,True,A,Southampton,ja,True
0,3,männlich,51.0,0,0,7.0542,Southampton,Dritte,Mann,True,,Southampton,nein,True
1,1,männlich,32.0,0,0,30.5,Cherbourg,Erste,Mann,True,B,Cherbourg,ja,True
0,1,männlich,,0,0,0.0,Southampton,Erste,Mann,True,,Southampton,nein,True
0,3,weiblich,9.0,3,2,27.9,Southampton,Dritte,Kind,False,,Southampton,nein,False
1,2,weiblich,28.0,0,0,13.0,Southampton,Zweite,Frau,False,,Southampton,ja,True
0,3,männlich,32.0,0,0,7.925,Southampton,Dritte,Mann,True,,Southampton,nein,True
0,2,männlich,31.0,1,1,26.25,Southampton,Zweite,Mann,True,,Southampton,nein,False
0,3,weiblich,41.0,0,5,39.6875,Southampton,Dritte,Frau,False,,Southampton,nein,False
0,3,männlich,,1,0,16.1,Southampton,Dritte,Mann,True,,Southampton,nein,False
0,3,männlich,20.0,0,0,7.8542,Southampton,Dritte,Mann,True,,Southampton,nein,True
1,1,weiblich,24.0,0,0,69.3,Cherbourg,Erste,Frau,False,B,Cherbourg,ja,True
0,3,weiblich,2.0,3,2,27.9,Southampton,Dritte,Kind,False,,Southampton,nein,False
1,3,männlich,,0,0,56.4958,Southampton,Dritte,Mann,True,,Southampton,ja,True
1,3,weiblich,0.75,2,1,19.2583,Cherbourg,Dritte,Kind,False,,Cherbourg,ja,False
1,1,männlich,48.0,1,0,76.7292,Cherbourg,Erste,Mann,True,D,Cherbourg,ja,False
0,3,männlich,19.0,0,0,7.8958,Southampton,Dritte,Mann,True,,Southampton,nein,True
1,1,männlich,56.0,0,0,35.5,Cherbourg,Erste,Mann,True,A,Cherbourg,ja,True
0,3,männlich,,0,0,7.55,Southampton,Dritte,Mann,True,,Southampton,nein,True
1,3,weiblich,23.0,0,0,7.55,Southampton,Dritte,Frau,False,,Southampton,ja,True
0,3,männlich,,0,0,7.8958,Southampton,Dritte,Mann,True,,Southampton,nein,True
1,2,weiblich,18.0,0,1,23.0,Southampton,Zweite,Frau,False,,Southampton,ja,False
0,3,männlich,21.0,0,0,8.4333,Southampton,Dritte,Mann,True,,Southampton,nein,True
1,3,weiblich,,0,0,7.8292,Queenstown,Dritte,Frau,False,,Queenstown,ja,True
0,3,weiblich,18.0,0,0,6.75,Queenstown,Dritte,Frau,False,,Queenstown,nein,True
0,2,männlich,24.0,2,0,73.5,Southampton,Zweite,Mann,True,,Southampton,nein,False
0,3,männlich,,0,0,7.8958,Southampton,Dritte,Mann,True,,Southampton,nein,True
0,3,weiblich,32.0,1,1,15.5,Queenstown,Dritte,Frau,False,,Queenstown,nein,False
0,2,männlich,23.0,0,0,13.0,Southampton,Zweite,Mann,True,,Southampton,nein,True
0,1,männlich,58.0,0,2,113.275,Cherbourg,Erste,Mann,True,D,Cherbourg,nein,False
1,1,männlich,50.0,2,0,133.65,Southampton,Erste,Mann,True,,Southampton,ja,False
0,3,männlich,40.0,0,0,7.225,Cherbourg,Dritte,Mann,True,,Cherbourg,nein,True
0,1,männlich,47.0,0,0,25.5875,Southampton,Erste,Mann,True,E,Southampton,nein,True
0,3,männlich,36.0,0,0,7.4958,Southampton,Dritte,Mann,True,,Southampton,nein,True
1,3,männlich,20.0,1,0,7.925,Southampton,Dritte,Mann,True,,Southampton,ja,False
0,2,männlich,32.0,2,0,73.5,Southampton,Zweite,Mann,True,,Southampton,nein,False
0,2,männlich,25.0,0,0,13.0,Southampton,Zweite,Mann,True,,Southampton,nein,True
0,3,männlich,,0,0,7.775,Southampton,Dritte,Mann,True,,Southampton,nein,True
0,3,männlich,43.0,0,0,8.05,Southampton,Dritte,Mann,True,,Southampton,nein,True
1,1,weiblich,,1,0,52.0,Southampton,Erste,Frau,False,C,Southampton,ja,False
1,2,weiblich,40.0,1,1,39.0,Southampton,Zweite,Frau,False,,Southampton,ja,False
0,1,männlich,31.0,1,0,52.0,Southampton,Erste,Mann,True,B,Southampton,nein,False
0,2,männlich,70.0,0,0,10.5,Southampton,Zweite,Mann,True,,Southampton,nein,True
1,2,männlich,31.0,0,0,13.0,Southampton,Zweite,Mann,True,,Southampton,ja,True
0,2,männlich,,0,0,0.0,Southampton,Zweite,Mann,True,,Southampton,nein,True
0,3,männlich,18.0,0,0,7.775,Southampton,Dritte,Mann,True,,Southampton,nein,True
0,3,männlich,24.5,0,0,8.05,Southampton,Dritte,Mann,True,,Southampton,nein,True
1,3,weiblich,18.0,0,0,9.8417,Southampton,Dritte,Frau,False,,Southampton,ja,True
0,3,weiblich,43.0,1,6,46.9,Southampton,Dritte,Frau,False,,Southampton,nein,False
1,1,männlich,36.0,0,1,512.3292,Cherbourg,Erste,Mann,True,B,Cherbourg,ja,False
0,3,weiblich,,0,0,8.1375,Queenstown,Dritte,Frau,False,,Queenstown,nein,True
1,1,männlich,27.0,0,0,76.7292,Cherbourg,Erste,Mann,True,D,Cherbourg,ja,True
0,3,männlich,20.0,0,0,9.225,Southampton,Dritte,Mann,True,,Southampton,nein,True
0,3,männlich,14.0,5,2,46.9,Southampton,Dritte,Kind,False,,Southampton,nein,False
0,2,männlich,60.0,1,1,39.0,Southampton,Zweite,Mann,True,,Southampton,nein,False
0,2,männlich,25.0,1,2,41.5792,Cherbourg,Zweite,Mann,True,,Cherbourg,nein,False
0,3,männlich,14.0,4,1,39.6875,Southampton,Dritte,Kind,False,,Southampton,nein,False
0,3,männlich,19.0,0,0,10.1708,Southampton,Dritte,Mann,True,,Southampton,nein,True
0,3,männlich,18.0,0,0,7.7958,Southampton,Dritte,Mann,True,,Southampton,nein,True
1,1,weiblich,15.0,0,1,211.3375,Southampton,Erste,Kind,False,B,Southampton,ja,False
1,1,männlich,31.0,1,0,57.0,Southampton,Erste,Mann,True,B,Southampton,ja,False
1,3,weiblich,4.0,0,1,13.4167,Cherbourg,Dritte,Kind,False,,Cherbourg,ja,False
1,3,männlich,,0,0,56.4958,Southampton,Dritte,Mann,True,,Southampton,ja,True
0,3,männlich,25.0,0,0,7.225,Cherbourg,Dritte,Mann,True,,Cherbourg,nein,True
0,1,männlich,60.0,0,0,26.55,Southampton,Erste,Mann,True,,Southampton,nein,True
0,2,männlich,52.0,0,0,13.5,Southampton,Zweite,Mann,True,,Southampton,nein,True
0,3,männlich,44.0,0,0,8.05,Southampton,Dritte,Mann,True,,Southampton,nein,True
1,3,weiblich,,0,0,7.7333,Queenstown,Dritte,Frau,False,,Queenstown,ja,True
0,1,männlich,49.0,1,1,110.8833,Cherbourg,Erste,Mann,True,C,Cherbourg,nein,False
0,3,männlich,42.0,0,0,7.65,Southampton,Dritte,Mann,True,F,Southampton,nein,True
1,1,weiblich,18.0,1,0,227.525,Cherbourg,Erste,Frau,False,C,Cherbourg,ja,False
1,1,männlich,35.0,0,0,26.2875,Southampton,Erste,Mann,True,E,Southampton,ja,True
0,3,weiblich,18.0,0,1,14.4542,Cherbourg,Dritte,Frau,False,,Cherbourg,nein,False
0,3,männlich,25.0,0,0,7.7417,Queenstown,Dritte,Mann,True,,Queenstown,nein,True
0,3,männlich,26.0,1,0,7.8542,Southampton,Dritte,Mann,True,,Southampton,nein,False
0,2,männlich,39.0,0,0,26.0,Southampton,Zweite,Mann,True,,Southampton,nein,True
1,2,weiblich,45.0,0,0,13.5,Southampton,Zweite,Frau,False,,Southampton,ja,True
1,1,männlich,42.0,0,0,26.2875,Southampton,Erste,Mann,True,E,Southampton,ja,True
1,1,weiblich,22.0,0,0,151.55,Southampton,Erste,Frau,False,,Southampton,ja,True
1,3,männlich,,1,1,15.2458,Cherbourg,Dritte,Mann,True,,Cherbourg,ja,False
1,1,weiblich,24.0,0,0,49.5042,Cherbourg,Erste,Frau,False,C,Cherbourg,ja,True
0,1,männlich,,0,0,26.55,Southampton,Erste,Mann,True,C,Southampton,nein,True
1,1,männlich,48.0,1,0,52.0,Southampton,Erste,Mann,True,C,Southampton,ja,False
0,3,männlich,29.0,0,0,9.4833,Southampton,Dritte,Mann,True,,Southampton,nein,True
0,2,männlich,52.0,0,0,13.0,Southampton,Zweite,Mann,True,,Southampton,nein,True
0,3,männlich,19.0,0,0,7.65,Southampton,Dritte,Mann,True,F,Southampton,nein,True
1,1,weiblich,38.0,0,0,227.525,Cherbourg,Erste,Frau,False,C,Cherbourg,ja,True
1,2,weiblich,27.0,0,0,10.5,Southampton,Zweite,Frau,False,E,Southampton,ja,True
0,3,männlich,,0,0,15.5,Queenstown,Dritte,Mann,True,,Queenstown,nein,True
0,3,männlich,33.0,0,0,7.775,Southampton,Dritte,Mann,True,,Southampton,nein,True
1,2,weiblich,6.0,0,1,33.0,Southampton,Zweite,Kind,False,,Southampton,ja,False
0,3,männlich,17.0,1,0,7.0542,Southampton,Dritte,Mann,True,,Southampton,nein,False
0,2,männlich,34.0,0,0,13.0,Southampton,Zweite,Mann,True,,Southampton,nein,True
0,2,männlich,50.0,0,0,13.0,Southampton,Zweite,Mann,True,,Southampton,nein,True
1,1,männlich,27.0,1,0,53.1,Southampton,Erste,Mann,True,E,Southampton,ja,False
0,3,männlich,20.0,0,0,8.6625,Southampton,Dritte,Mann,True,,Southampton,nein,True
1,2,weiblich,30.0,3,0,21.0,Southampton,Zweite,Frau,False,,Southampton,ja,False
1,3,weiblich,,0,0,7.7375,Queenstown,Dritte,Frau,False,,Queenstown,ja,True
0,2,männlich,25.0,1,0,26.0,Southampton,Zweite,Mann,True,,Southampton,nein,False
0,3,weiblich,25.0,1,0,7.925,Southampton,Dritte,Frau,False,,Southampton,nein,False
1,1,weiblich,29.0,0,0,211.3375,Southampton,Erste,Frau,False,B,Southampton,ja,True
0,3,männlich,11.0,0,0,18.7875,Cherbourg,Dritte,Kind,False,,Cherbourg,nein,True
0,2,männlich,,0,0,0.0,Southampton,Zweite,Mann,True,,Southampton,nein,True
0,2,männlich,23.0,0,0,13.0,Southampton,Zweite,Mann,True,,Southampton,nein,True
0,2,männlich,23.0,0,0,13.0,Southampton,Zweite,Mann,True,,Southampton,nein,True
0,3,männlich,28.5,0,0,16.1,Southampton,Dritte,Mann,True,,Southampton,nein,True
0,3,weiblich,48.0,1,3,34.375,Southampton,Dritte,Frau,False,,Southampton,nein,False
1,1,männlich,35.0,0,0,512.3292,Cherbourg,Erste,Mann,True,B,Cherbourg,ja,True
0,3,männlich,,0,0,7.8958,Southampton,Dritte,Mann,True,,Southampton,nein,True
0,3,männlich,,0,0,7.8958,Southampton,Dritte,Mann,True,,Southampton,nein,True
1,1,männlich,,0,0,30.0,Southampton,Erste,Mann,True,D,Southampton,ja,True
0,1,männlich,36.0,1,0,78.85,Southampton,Erste,Mann,True,C,Southampton,nein,False
1,1,weiblich,21.0,2,2,262.375,Cherbourg,Erste,Frau,False,B,Cherbourg,ja,False
0,3,männlich,24.0,1,0,16.1,Southampton,Dritte,Mann,True,,Southampton,nein,False
1,3,männlich,31.0,0,0,7.925,Southampton,Dritte,Mann,True,,Southampton,ja,True
0,1,männlich,70.0,1,1,71.0,Southampton,Erste,Mann,True,B,Southampton,nein,False
0,3,männlich,16.0,1,1,20.25,Southampton,Dritte,Mann,True,,Southampton,nein,False
1,2,weiblich,30.0,0,0,13.0,Southampton,Zweite,Frau,False,,Southampton,ja,True
0,1,männlich,19.0,1,0,53.1,Southampton,Erste,Mann,True,D,Southampton,nein,False
0,3,männlich,31.0,0,0,7.75,Queenstown,Dritte,Mann,True,,Queenstown,nein,True
1,2,weiblich,4.0,1,1,23.0,Southampton,Zweite,Kind,False,,Southampton,ja,False
1,3,männlich,6.0,0,1,12.475,Southampton,Dritte,Kind,False,E,Southampton,ja,False
0,3,männlich,33.0,0,0,9.5,Southampton,Dritte,Mann,True,,Southampton,nein,True
0,3,männlich,23.0,0,0,7.8958,Southampton,Dritte,Mann,True,,Southampton,nein,True
1,2,weiblich,48.0,1,2,65.0,Southampton,Zweite,Frau,False,,Southampton,ja,False
1,2,männlich,0.67,1,1,14.5,Southampton,Zweite,Kind,False,,Southampton,ja,False
0,3,männlich,28.0,0,0,7.7958,Southampton,Dritte,Mann,True,,Southampton,nein,True
0,2,männlich,18.0,0,0,11.5,Southampton,Zweite,Mann,True,,Southampton,nein,True
0,3,männlich,34.0,0,0,8.05,Southampton,Dritte,Mann,True,,Southampton,nein,True
1,1,weiblich,33.0,0,0,86.5,Southampton,Erste,Frau,False,B,Southampton,ja,True
0,3,männlich,,0,0,14.5,Southampton,Dritte,Mann,True,,Southampton,nein,True
0,3,männlich,41.0,0,0,7.125,Southampton,Dritte,Mann,True,,Southampton,nein,True
1,3,männlich,20.0,0,0,7.2292,Cherbourg,Dritte,Mann,True,,Cherbourg,ja,True
1,1,weiblich,36.0,1,2,120.0,Southampton,Erste,Frau,False,B,Southampton,ja,False
0,3,männlich,16.0,0,0,7.775,Southampton,Dritte,Mann,True,,Southampton,nein,True
1,1,weiblich,51.0,1,0,77.9583,Southampton,Erste,Frau,False,D,Southampton,ja,False
0,1,männlich,,0,0,39.6,Cherbourg,Erste,Mann,True,,Cherbourg,nein,True
0,3,weiblich,30.5,0,0,7.75,Queenstown,Dritte,Frau,False,,Queenstown,nein,True
0,3,männlich,,1,0,24.15,Queenstown,Dritte,Mann,True,,Queenstown,nein,False
0,3,männlich,32.0,0,0,8.3625,Southampton,Dritte,Mann,True,,Southampton,nein,True
0,3,männlich,24.0,0,0,9.5,Southampton,Dritte,Mann,True,,Southampton,nein,True
0,3,männlich,48.0,0,0,7.8542,Southampton,Dritte,Mann,True,,Southampton,nein,True
0,2,weiblich,57.0,0,0,10.5,Southampton,Zweite,Frau,False,E,Southampton,nein,True
0,3,männlich,,0,0,7.225,Cherbourg,Dritte,Mann,True,,Cherbourg,nein,True
1,2,weiblich,54.0,1,3,23.0,Southampton,Zweite,Frau,False,,Southampton,ja,False
0,3,männlich,18.0,0,0,7.75,Southampton,Dritte,Mann,True,,Southampton,nein,True
0,3,männlich,,0,0,7.75,Queenstown,Dritte,Mann,True,F,Queenstown,nein,True
1,3,weiblich,5.0,0,0,12.475,Southampton,Dritte,Kind,False,,Southampton,ja,True
0,3,männlich,,0,0,7.7375,Queenstown,Dritte,Mann,True,,Queenstown,nein,True
1,1,weiblich,43.0,0,1,211.3375,Southampton,Erste,Frau,False,B,Southampton,ja,False
1,3,weiblich,13.0,0,0,7.2292,Cherbourg,Dritte,Kind,False,,Cherbourg,ja,True
1,1,weiblich,17.0,1,0,57.0,Southampton,Erste,Frau,False,B,Southampton,ja,False
0,1,männlich,29.0,0,0,30.0,Southampton,Erste,Mann,True,D,Southampton,nein,True
0,3,männlich,,1,2,23.45,Southampton,Dritte,Mann,True,,Southampton,nein,False
0,3,männlich,25.0,0,0,7.05,Southampton,Dritte,Mann,True,,Southampton,nein,True
0,3,männlich,25.0,0,0,7.25,Southampton,Dritte,Mann,True,,Southampton,nein,True
1,3,weiblich,18.0,0,0,7.4958,Southampton,Dritte,Frau,False,,Southampton,ja,True
0,3,männlich,8.0,4,1,29.125,Queenstown,Dritte,Kind,False,,Queenstown,nein,False
1,3,männlich,1.0,1,2,20.575,Southampton,Dritte,Kind,False,,Southampton,ja,False
0,1,männlich,46.0,0,0,79.2,Cherbourg,Erste,Mann,True,B,Cherbourg,nein,True
0,3,männlich,,0,0,7.75,Queenstown,Dritte,Mann,True,,Queenstown,nein,True
0,2,männlich,16.0,0,0,26.0,Southampton,Zweite,Mann,True,,Southampton,nein,True
0,3,weiblich,,8,2,69.55,Southampton,Dritte,Frau,False,,Southampton,nein,False
0,1,männlich,,0,0,30.6958,Cherbourg,Erste,Mann,True,,Cherbourg,nein,True
0,3,männlich,25.0,0,0,7.8958,Southampton,Dritte,Mann,True,,Southampton,nein,True
0,2,männlich,39.0,0,0,13.0,Southampton,Zweite,Mann,True,,Southampton,nein,True
1,1,weiblich,49.0,0,0,25.9292,Southampton,Erste,Frau,False,D,Southampton,ja,True
1,3,weiblich,31.0,0,0,8.6833,Southampton,Dritte,Frau,False,,Southampton,ja,True
0,3,männlich,30.0,0,0,7.2292,Cherbourg,Dritte,Mann,True,,Cherbourg,nein,True
0,3,weiblich,30.0,1,1,24.15,Southampton,Dritte,Frau,False,,Southampton,nein,False
0,2,männlich,34.0,0,0,13.0,Southampton,Zweite,Mann,True,,Southampton,nein,True
1,2,weiblich,31.0,1,1,26.25,Southampton,Zweite,Frau,False,,Southampton,ja,False
1,1,männlich,11.0,1,2,120.0,Southampton,Erste,Kind,False,B,Southampton,ja,False
1,3,männlich,0.42,0,1,8.5167,Cherbourg,Dritte,Kind,False,,Cherbourg,ja,False
1,3,männlich,27.0,0,0,6.975,Southampton,Dritte,Mann,True,,Southampton,ja,True
0,3,männlich,31.0,0,0,7.775,Southampton,Dritte,Mann,True,,Southampton,nein,True
0,1,männlich,39.0,0,0,0.0,Southampton,Erste,Mann,True,A,Southampton,nein,True
0,3,weiblich,18.0,0,0,7.775,Southampton,Dritte,Frau,False,,Southampton,nein,True
0,2,männlich,39.0,0,0,13.0,Southampton,Zweite,Mann,True,,Southampton,nein,True
1,1,weiblich,33.0,1,0,53.1,Southampton,Erste,Frau,False,E,Southampton,ja,False
0,3,männlich,26.0,0,0,7.8875,Southampton,Dritte,Mann,True,,Southampton,nein,True
0,3,männlich,39.0,0,0,24.15,Southampton,Dritte,Mann,True,,Southampton,nein,True
0,2,männlich,35.0,0,0,10.5,Southampton,Zweite,Mann,True,,Southampton,nein,True
0,3,weiblich,6.0,4,2,31.275,Southampton,Dritte,Kind,False,,Southampton,nein,False
0,3,männlich,30.5,0,0,8.05,Southampton,Dritte,Mann,True,,Southampton,nein,True
0,1,männlich,,0,0,0.0,Southampton,Erste,Mann,True,B,Southampton,nein,True
0,3,weiblich,23.0,0,0,7.925,Southampton,Dritte,Frau,False,,Southampton,nein,True
0,2,männlich,31.0,1,1,37.0042,Cherbourg,Zweite,Mann,True,,Cherbourg,nein,False
0,3,männlich,43.0,0,0,6.45,Southampton,Dritte,Mann,True,,Southampton,nein,True
0,3,männlich,10.0,3,2,27.9,Southampton,Dritte,Kind,False,,Southampton,nein,False
1,1,weiblich,52.0,1,1,93.5,Southampton,Erste,Frau,False,B,Southampton,ja,False
1,3,männlich,27.0,0,0,8.6625,Southampton,Dritte,Mann,True,,Southampton,ja,True
0,1,männlich,38.0,0,0,0.0,Southampton,Erste,Mann,True,,Southampton,nein,True
1,3,weiblich,27.0,0,1,12.475,Southampton,Dritte,Frau,False,E,Southampton,ja,False
0,3,männlich,2.0,4,1,39.6875,Southampton,Dritte,Kind,False,,Southampton,nein,False
0,3,männlich,,0,0,6.95,Queenstown,Dritte,Mann,True,,Queenstown,nein,True
0,3,männlich,,0,0,56.4958,Southampton,Dritte,Mann,True,,Southampton,nein,True
1,2,männlich,1.0,0,2,37.0042,Cherbourg,Zweite,Kind,False,,Cherbourg,ja,False
1,3,männlich,,0,0,7.75,Queenstown,Dritte,Mann,True,,Queenstown,ja,True
1,1,weiblich,62.0,0,0,80.0,,Erste,Frau,False,B,,ja,True
1,3,weiblich,15.0,1,0,14.4542,Cherbourg,Dritte,Kind,False,,Cherbourg,ja,False
1,2,männlich,0.83,1,1,18.75,Southampton,Zweite,Kind,False,,Southampton,ja,False
0,3,männlich,,0,0,7.2292,Cherbourg,Dritte,Mann,True,,Cherbourg,nein,True
0,3,männlich,23.0,0,0,7.8542,Southampton,Dritte,Mann,True,,Southampton,nein,True
0,3,männlich,18.0,0,0,8.3,Southampton,Dritte,Mann,True,,Southampton,nein,True
1,1,weiblich,39.0,1,1,83.1583,Cherbourg,Erste,Frau,False,E,Cherbourg,ja,False
0,3,männlich,21.0,0,0,8.6625,Southampton,Dritte,Mann,True,,Southampton,nein,True
0,3,männlich,,0,0,8.05,Southampton,Dritte,Mann,True,,Southampton,nein,True
1,3,männlich,32.0,0,0,56.4958,Southampton,Dritte,Mann,True,,Southampton,ja,True
1,1,männlich,,0,0,29.7,Cherbourg,Erste,Mann,True,C,Cherbourg,ja,True
0,3,männlich,20.0,0,0,7.925,Southampton,Dritte,Mann,True,,Southampton,nein,True
0,2,männlich,16.0,0,0,10.5,Southampton,Zweite,Mann,True,,Southampton,nein,True
1,1,weiblich,30.0,0,0,31.0,Cherbourg,Erste,Frau,False,,Cherbourg,ja,True
0,3,männlich,34.5,0,0,6.4375,Cherbourg,Dritte,Mann,True,,Cherbourg,nein,True
0,3,männlich,17.0,0,0,8.6625,Southampton,Dritte,Mann,True,,Southampton,nein,True
0,3,männlich,42.0,0,0,7.55,Southampton,Dritte,Mann,True,,Southampton,nein,True
0,3,männlich,,8,2,69.55,Southampton,Dritte,Mann,True,,Southampton,nein,False
0,3,männlich,35.0,0,0,7.8958,Cherbourg,Dritte,Mann,True,,Cherbourg,nein,True
0,2,männlich,28.0,0,1,33.0,Southampton,Zweite,Mann,True,,Southampton,nein,False
1,1,weiblich,,1,0,89.1042,Cherbourg,Erste,Frau,False,C,Cherbourg,ja,False
0,3,männlich,4.0,4,2,31.275,Southampton,Dritte,Kind,False,,Southampton,nein,False
0,3,männlich,74.0,0,0,7.775,Southampton,Dritte,Mann,True,,Southampton,nein,True
0,3,weiblich,9.0,1,1,15.2458,Cherbourg,Dritte,Kind,False,,Cherbourg,nein,False
1,1,weiblich,16.0,0,1,39.4,Southampton,Erste,Frau,False,D,Southampton,ja,False
0,2,weiblich,44.0,1,0,26.0,Southampton,Zweite,Frau,False,,Southampton,nein,False
1,3,weiblich,18.0,0,1,9.35,Southampton,Dritte,Frau,False,,Southampton,ja,False
1,1,weiblich,45.0,1,1,164.8667,Southampton,Erste,Frau,False,,Southampton,ja,False
1,1,männlich,51.0,0,0,26.55,Southampton,Erste,Mann,True,E,Southampton,ja,True
1,3,weiblich,24.0,0,3,19.2583,Cherbourg,Dritte,Frau,False,,Cherbourg,ja,False
0,3,männlich,,0,0,7.2292,Cherbourg,Dritte,Mann,True,,Cherbourg,nein,True
0,3,männlich,41.0,2,0,14.1083,Southampton,Dritte,Mann,True,,Southampton,nein,False
0,2,männlich,21.0,1,0,11.5,Southampton,Zweite,Mann,True,,Southampton,nein,False
1,1,weiblich,48.0,0,0,25.9292,Southampton,Erste,Frau,False,D,Southampton,ja,True
0,3,weiblich,,8,2,69.55,Southampton,Dritte,Frau,False,,Southampton,nein,False
0,2,männlich,24.0,0,0,13.0,Southampton,Zweite,Mann,True,,Southampton,nein,True
1,2,weiblich,42.0,0,0,13.0,Southampton,Zweite,Frau,False,,Southampton,ja,True
1,2,weiblich,27.0,1,0,13.8583,Cherbourg,Zweite,Frau,False,,Cherbourg,ja,False
0,1,männlich,31.0,0,0,50.4958,Southampton,Erste,Mann,True,A,Southampton,nein,True
0,3,männlich,,0,0,9.5,Southampton,Dritte,Mann,True,,Southampton,nein,True
1,3,männlich,4.0,1,1,11.1333,Southampton,Dritte,Kind,False,,Southampton,ja,False
0,3,männlich,26.0,0,0,7.8958,Southampton,Dritte,Mann,True,,Southampton,nein,True
1,1,weiblich,47.0,1,1,52.5542,Southampton,Erste,Frau,False,D,Southampton,ja,False
0,1,männlich,33.0,0,0,5.0,Southampton,Erste,Mann,True,B,Southampton,nein,True
0,3,männlich,47.0,0,0,9.0,Southampton,Dritte,Mann,True,,Southampton,nein,True
1,2,weiblich,28.0,1,0,24.0,Cherbourg,Zweite,Frau,False,,Cherbourg,ja,False
1,3,weiblich,15.0,0,0,7.225,Cherbourg,Dritte,Kind,False,,Cherbourg,ja,True
0,3,männlich,20.0,0,0,9.8458,Southampton,Dritte,Mann,True,,Southampton,nein,True
0,3,männlich,19.0,0,0,7.8958,Southampton,Dritte,Mann,True,,Southampton,nein,True
0,3,männlich,,0,0,7.8958,Southampton,Dritte,Mann,True,,Southampton,nein,True
1,1,weiblich,56.0,0,1,83.1583,Cherbourg,Erste,Frau,False,C,Cherbourg,ja,False
1,2,weiblich,25.0,0,1,26.0,Southampton,Zweite,Frau,False,,Southampton,ja,False
0,3,männlich,33.0,0,0,7.8958,Southampton,Dritte,Mann,True,,Southampton,nein,True
0,3,weiblich,22.0,0,0,10.5167,Southampton,Dritte,Frau,False,,Southampton,nein,True
0,2,männlich,28.0,0,0,10.5,Southampton,Zweite,Mann,True,,Southampton,nein,True
0,3,männlich,25.0,0,0,7.05,Southampton,Dritte,Mann,True,,Southampton,nein,True
0,3,weiblich,39.0,0,5,29.125,Queenstown,Dritte,Frau,False,,Queenstown,nein,False
0,2,männlich,27.0,0,0,13.0,Southampton,Zweite,Mann,True,,Southampton,nein,True
1,1,weiblich,19.0,0,0,30.0,Southampton,Erste,Frau,False,B,Southampton,ja,True
0,3,weiblich,,1,2,23.45,Southampton,Dritte,Frau,False,,Southampton,nein,False
1,1,männlich,26.0,0,0,30.0,Cherbourg,Erste,Mann,True,C,Cherbourg,ja,True
0,3,männlich,32.0,0,0,7.75,Queenstown,Dritte,Mann,True,,Queenstown,nein,True
